-- MySQL dump 10.13  Distrib 8.0.23, for Linux (x86_64)
--
-- Host: localhost    Database: brave
-- ------------------------------------------------------
-- Server version	8.0.23-0ubuntu0.20.04.1

/*!40101 SET @OLD_CHARACTER_SET_CLIENT=@@CHARACTER_SET_CLIENT */;
/*!40101 SET @OLD_CHARACTER_SET_RESULTS=@@CHARACTER_SET_RESULTS */;
/*!40101 SET @OLD_COLLATION_CONNECTION=@@COLLATION_CONNECTION */;
/*!50503 SET NAMES utf8mb4 */;
/*!40103 SET @OLD_TIME_ZONE=@@TIME_ZONE */;
/*!40103 SET TIME_ZONE='+00:00' */;
/*!40014 SET @OLD_UNIQUE_CHECKS=@@UNIQUE_CHECKS, UNIQUE_CHECKS=0 */;
/*!40014 SET @OLD_FOREIGN_KEY_CHECKS=@@FOREIGN_KEY_CHECKS, FOREIGN_KEY_CHECKS=0 */;
/*!40101 SET @OLD_SQL_MODE=@@SQL_MODE, SQL_MODE='NO_AUTO_VALUE_ON_ZERO' */;
/*!40111 SET @OLD_SQL_NOTES=@@SQL_NOTES, SQL_NOTES=0 */;

--
-- Table structure for table `admins`
--

DROP TABLE IF EXISTS `admins`;
/*!40101 SET @saved_cs_client     = @@character_set_client */;
/*!50503 SET character_set_client = utf8mb4 */;
CREATE TABLE `admins` (
  `id` bigint unsigned NOT NULL AUTO_INCREMENT,
  `name` varchar(191) COLLATE utf8mb4_unicode_ci DEFAULT NULL,
  `email` varchar(191) COLLATE utf8mb4_unicode_ci NOT NULL,
  `password` varchar(191) COLLATE utf8mb4_unicode_ci NOT NULL,
  `created_at` timestamp NULL DEFAULT NULL,
  `updated_at` timestamp NULL DEFAULT NULL,
  PRIMARY KEY (`id`)
) ENGINE=InnoDB AUTO_INCREMENT=2 DEFAULT CHARSET=utf8mb4 COLLATE=utf8mb4_unicode_ci;
/*!40101 SET character_set_client = @saved_cs_client */;

--
-- Dumping data for table `admins`
--

LOCK TABLES `admins` WRITE;
/*!40000 ALTER TABLE `admins` DISABLE KEYS */;
INSERT INTO `admins` VALUES (1,'Alexapps','admin@admin.com','$2y$10$3fRVYQnkYZL8TfNwfTBNqeJdp2FNLMh1QCewMCL.H5OS2ppltg6Yy','2021-02-24 13:25:50','2021-02-24 13:25:50');
/*!40000 ALTER TABLE `admins` ENABLE KEYS */;
UNLOCK TABLES;

--
-- Table structure for table `categories`
--

DROP TABLE IF EXISTS `categories`;
/*!40101 SET @saved_cs_client     = @@character_set_client */;
/*!50503 SET character_set_client = utf8mb4 */;
CREATE TABLE `categories` (
  `id` bigint unsigned NOT NULL AUTO_INCREMENT,
  `name` varchar(191) COLLATE utf8mb4_unicode_ci NOT NULL,
  `image` text COLLATE utf8mb4_unicode_ci NOT NULL,
  `created_at` timestamp NULL DEFAULT NULL,
  `updated_at` timestamp NULL DEFAULT NULL,
  PRIMARY KEY (`id`)
) ENGINE=InnoDB AUTO_INCREMENT=15 DEFAULT CHARSET=utf8mb4 COLLATE=utf8mb4_unicode_ci;
/*!40101 SET character_set_client = @saved_cs_client */;

--
-- Dumping data for table `categories`
--

LOCK TABLES `categories` WRITE;
/*!40000 ALTER TABLE `categories` DISABLE KEYS */;
INSERT INTO `categories` VALUES (1,'عطور','stores/store-1614496224-603b41e017fb19.37901649B67FFDB1-0.jpeg',NULL,'2021-02-28 07:10:24'),(2,'الاسر منتجه','stores/store-1614779043-603f92a351d069.7056747019A089FD-7.jpeg',NULL,'2021-03-03 13:44:03'),(3,'فنادق','stores/store-1614778756-603f91841ad6a2.101404311D69D6CC-1.jpeg',NULL,'2021-03-03 13:39:16'),(4,'مطاعم','stores/store-1614778260-603f8f941622d3.12394963FFBF929F-0.jpeg',NULL,'2021-03-03 13:31:00'),(5,'كافيهات','stores/store-1614778667-603f912b7132b2.37132194F1A234E1-5.png',NULL,'2021-03-03 13:37:47'),(6,'عقارات','stores/store-1614721982-603eb3be055b55.740740835B38B362-6.jpeg','2021-03-02 21:52:17','2021-03-02 21:53:02'),(7,'سيارات','stores/store-1614722397-603eb55db99019.7720325752F59805-6.jpeg','2021-03-02 21:59:57','2021-03-02 21:59:57'),(10,'خياط رجالي','stores/store-1614784870-603fa96668e5f4.9774564347C608BE-B.jpeg','2021-03-03 14:51:20','2021-03-03 15:21:10'),(11,'مركز تحميل نسائي','stores/store-1614785096-603faa48350673.069848324FBD2725-D.jpeg','2021-03-03 15:21:43','2021-03-03 15:24:56'),(12,'اتصالات','stores/store-1616654441-605c3069254b71.705252560C4F90E9-1.jpeg','2021-03-03 16:50:56','2021-03-25 06:40:41'),(14,'التموينات ومراكز بيع الجمله','stores/store-1616774514-605e05723314b6.6624336604D8BD10-8.jpeg','2021-03-26 16:01:54','2021-03-26 16:01:54');
/*!40000 ALTER TABLE `categories` ENABLE KEYS */;
UNLOCK TABLES;

--
-- Table structure for table `cities`
--

DROP TABLE IF EXISTS `cities`;
/*!40101 SET @saved_cs_client     = @@character_set_client */;
/*!50503 SET character_set_client = utf8mb4 */;
CREATE TABLE `cities` (
  `id` bigint unsigned NOT NULL AUTO_INCREMENT,
  `name` varchar(191) COLLATE utf8mb4_unicode_ci NOT NULL,
  `created_at` timestamp NULL DEFAULT NULL,
  `updated_at` timestamp NULL DEFAULT NULL,
  PRIMARY KEY (`id`)
) ENGINE=InnoDB AUTO_INCREMENT=32 DEFAULT CHARSET=utf8mb4 COLLATE=utf8mb4_unicode_ci;
/*!40101 SET character_set_client = @saved_cs_client */;

--
-- Dumping data for table `cities`
--

LOCK TABLES `cities` WRITE;
/*!40000 ALTER TABLE `cities` DISABLE KEYS */;
INSERT INTO `cities` VALUES (1,'الخرج','2021-02-24 13:25:50','2021-02-28 06:39:35'),(2,'الغاط','2021-02-24 13:25:50','2021-02-28 06:39:28'),(3,'الدوادمي','2021-02-24 13:25:50','2021-02-28 06:39:08'),(4,'عفيف','2021-02-24 13:25:50','2021-02-28 06:39:00'),(5,'الحناكيه','2021-02-24 13:25:50','2021-02-28 06:38:52'),(6,'ضباء','2021-02-24 13:25:50','2021-02-28 06:38:30'),(7,'تيماء','2021-02-24 13:25:50','2021-02-28 06:38:19'),(8,'العلا','2021-02-24 13:25:50','2021-02-28 06:38:11'),(9,'خبير','2021-02-24 13:25:50','2021-02-28 06:38:05'),(10,'الحائط','2021-02-24 13:25:50','2021-02-28 06:37:56'),(11,'سكاكا','2021-02-24 13:25:50','2021-02-28 06:37:26'),(12,'جيزان','2021-02-24 13:25:50','2021-02-28 06:37:05'),(13,'الباحه','2021-02-24 13:25:50','2021-02-28 06:36:58'),(14,'ابها','2021-02-24 13:25:50','2021-02-28 06:36:49'),(15,'نجران','2021-02-24 13:25:50','2021-02-28 06:36:42'),(17,'الاحساء','2021-02-24 13:25:50','2021-02-28 06:36:25'),(18,'الدمام','2021-02-24 13:25:50','2021-02-28 06:36:15'),(19,'حفرالباطن','2021-02-24 13:25:50','2021-02-28 06:36:04'),(20,'رفحاء','2021-02-24 13:25:50','2021-02-28 06:35:55'),(21,'عرعر','2021-02-24 13:25:50','2021-02-28 06:35:45'),(22,'القريات','2021-02-24 13:25:50','2021-02-28 06:35:37'),(23,'تبوك','2021-02-24 13:25:50','2021-02-28 06:35:25'),(24,'المدينه المنوره','2021-02-24 13:25:50','2021-02-28 06:35:16'),(25,'مكه','2021-02-24 13:25:50','2021-02-28 06:35:06'),(26,'جده','2021-02-24 13:25:50','2021-02-28 06:34:57'),(27,'المجمعه','2021-02-24 13:25:50','2021-02-28 06:34:47'),(28,'الرياض','2021-02-24 13:25:50','2021-02-28 06:34:37'),(29,'حائل','2021-02-24 13:25:50','2021-02-28 06:30:26'),(30,'القصيم','2021-02-24 13:25:50','2021-02-28 06:30:10'),(31,'خميس مشيط','2021-03-13 19:41:21','2021-03-13 19:41:21');
/*!40000 ALTER TABLE `cities` ENABLE KEYS */;
UNLOCK TABLES;

--
-- Table structure for table `contact_us_messages`
--

DROP TABLE IF EXISTS `contact_us_messages`;
/*!40101 SET @saved_cs_client     = @@character_set_client */;
/*!50503 SET character_set_client = utf8mb4 */;
CREATE TABLE `contact_us_messages` (
  `id` bigint unsigned NOT NULL AUTO_INCREMENT,
  `name` varchar(191) COLLATE utf8mb4_unicode_ci NOT NULL,
  `email` varchar(191) COLLATE utf8mb4_unicode_ci NOT NULL,
  `message` text COLLATE utf8mb4_unicode_ci NOT NULL,
  `seen` tinyint(1) NOT NULL DEFAULT '0',
  `created_at` timestamp NULL DEFAULT NULL,
  `updated_at` timestamp NULL DEFAULT NULL,
  PRIMARY KEY (`id`)
) ENGINE=InnoDB DEFAULT CHARSET=utf8mb4 COLLATE=utf8mb4_unicode_ci;
/*!40101 SET character_set_client = @saved_cs_client */;

--
-- Dumping data for table `contact_us_messages`
--

LOCK TABLES `contact_us_messages` WRITE;
/*!40000 ALTER TABLE `contact_us_messages` DISABLE KEYS */;
/*!40000 ALTER TABLE `contact_us_messages` ENABLE KEYS */;
UNLOCK TABLES;

--
-- Table structure for table `coupon_user`
--

DROP TABLE IF EXISTS `coupon_user`;
/*!40101 SET @saved_cs_client     = @@character_set_client */;
/*!50503 SET character_set_client = utf8mb4 */;
CREATE TABLE `coupon_user` (
  `id` bigint unsigned NOT NULL AUTO_INCREMENT,
  `rating` int DEFAULT NULL,
  `coupon` int NOT NULL,
  `user_id` bigint unsigned NOT NULL,
  `shop_id` bigint unsigned NOT NULL,
  `created_at` timestamp NULL DEFAULT NULL,
  `updated_at` timestamp NULL DEFAULT NULL,
  PRIMARY KEY (`id`),
  KEY `coupon_user_user_id_index` (`user_id`),
  KEY `coupon_user_shop_id_index` (`shop_id`),
  CONSTRAINT `coupon_user_shop_id_foreign` FOREIGN KEY (`shop_id`) REFERENCES `shops` (`id`) ON DELETE CASCADE,
  CONSTRAINT `coupon_user_user_id_foreign` FOREIGN KEY (`user_id`) REFERENCES `users` (`id`) ON DELETE CASCADE
) ENGINE=InnoDB AUTO_INCREMENT=15 DEFAULT CHARSET=utf8mb4 COLLATE=utf8mb4_unicode_ci;
/*!40101 SET character_set_client = @saved_cs_client */;

--
-- Dumping data for table `coupon_user`
--

LOCK TABLES `coupon_user` WRITE;
/*!40000 ALTER TABLE `coupon_user` DISABLE KEYS */;
INSERT INTO `coupon_user` VALUES (1,5,1111,23,4,'2021-02-28 13:36:29','2021-02-28 13:36:34'),(2,4,1111,23,5,'2021-02-28 13:43:31','2021-02-28 13:43:36'),(3,4,1111,29,8,'2021-02-28 21:38:57','2021-02-28 21:39:04'),(4,4,1111,29,8,'2021-02-28 21:50:34','2021-02-28 21:50:43'),(5,NULL,1111,29,8,'2021-02-28 21:50:45','2021-02-28 21:50:45'),(6,4,1111,29,8,'2021-02-28 21:50:57','2021-02-28 21:51:00'),(7,4,1111,36,10,'2021-03-01 16:14:47','2021-03-01 16:15:01'),(8,4,1111,37,11,'2021-03-02 18:27:48','2021-03-02 18:27:52'),(9,4,1111,37,11,'2021-03-03 14:46:24','2021-03-03 14:46:31'),(10,5,4669,60,23,'2021-03-07 18:53:16','2021-03-07 18:53:23'),(11,4,1111,58,5,'2021-03-14 06:34:59','2021-03-14 06:35:02'),(12,5,1111,58,15,'2021-03-14 06:35:26','2021-03-14 06:35:32'),(13,NULL,5,96,26,'2021-03-14 07:28:55','2021-03-14 07:28:55'),(14,5,5,96,26,'2021-03-14 07:29:09','2021-03-14 07:29:16');
/*!40000 ALTER TABLE `coupon_user` ENABLE KEYS */;
UNLOCK TABLES;

--
-- Table structure for table `distances`
--

DROP TABLE IF EXISTS `distances`;
/*!40101 SET @saved_cs_client     = @@character_set_client */;
/*!50503 SET character_set_client = utf8mb4 */;
CREATE TABLE `distances` (
  `id` bigint unsigned NOT NULL AUTO_INCREMENT,
  `distance` double NOT NULL,
  `user_id` bigint unsigned NOT NULL,
  `shop_id` bigint unsigned NOT NULL,
  `created_at` timestamp NULL DEFAULT NULL,
  `updated_at` timestamp NULL DEFAULT NULL,
  PRIMARY KEY (`id`),
  KEY `distances_user_id_index` (`user_id`),
  KEY `distances_shop_id_index` (`shop_id`),
  CONSTRAINT `distances_shop_id_foreign` FOREIGN KEY (`shop_id`) REFERENCES `shops` (`id`) ON DELETE CASCADE,
  CONSTRAINT `distances_user_id_foreign` FOREIGN KEY (`user_id`) REFERENCES `users` (`id`) ON DELETE CASCADE
) ENGINE=InnoDB DEFAULT CHARSET=utf8mb4 COLLATE=utf8mb4_unicode_ci;
/*!40101 SET character_set_client = @saved_cs_client */;

--
-- Dumping data for table `distances`
--

LOCK TABLES `distances` WRITE;
/*!40000 ALTER TABLE `distances` DISABLE KEYS */;
/*!40000 ALTER TABLE `distances` ENABLE KEYS */;
UNLOCK TABLES;

--
-- Table structure for table `failed_jobs`
--

DROP TABLE IF EXISTS `failed_jobs`;
/*!40101 SET @saved_cs_client     = @@character_set_client */;
/*!50503 SET character_set_client = utf8mb4 */;
CREATE TABLE `failed_jobs` (
  `id` bigint unsigned NOT NULL AUTO_INCREMENT,
  `connection` text COLLATE utf8mb4_unicode_ci NOT NULL,
  `queue` text COLLATE utf8mb4_unicode_ci NOT NULL,
  `payload` longtext COLLATE utf8mb4_unicode_ci NOT NULL,
  `exception` longtext COLLATE utf8mb4_unicode_ci NOT NULL,
  `failed_at` timestamp NOT NULL DEFAULT CURRENT_TIMESTAMP,
  PRIMARY KEY (`id`)
) ENGINE=InnoDB DEFAULT CHARSET=utf8mb4 COLLATE=utf8mb4_unicode_ci;
/*!40101 SET character_set_client = @saved_cs_client */;

--
-- Dumping data for table `failed_jobs`
--

LOCK TABLES `failed_jobs` WRITE;
/*!40000 ALTER TABLE `failed_jobs` DISABLE KEYS */;
/*!40000 ALTER TABLE `failed_jobs` ENABLE KEYS */;
UNLOCK TABLES;

--
-- Table structure for table `favourites`
--

DROP TABLE IF EXISTS `favourites`;
/*!40101 SET @saved_cs_client     = @@character_set_client */;
/*!50503 SET character_set_client = utf8mb4 */;
CREATE TABLE `favourites` (
  `id` bigint unsigned NOT NULL AUTO_INCREMENT,
  `user_id` bigint unsigned NOT NULL,
  `offer_id` bigint unsigned NOT NULL,
  `created_at` timestamp NULL DEFAULT NULL,
  `updated_at` timestamp NULL DEFAULT NULL,
  PRIMARY KEY (`id`),
  KEY `favourites_user_id_index` (`user_id`),
  KEY `favourites_offer_id_index` (`offer_id`),
  CONSTRAINT `favourites_offer_id_foreign` FOREIGN KEY (`offer_id`) REFERENCES `offers` (`id`) ON DELETE CASCADE,
  CONSTRAINT `favourites_user_id_foreign` FOREIGN KEY (`user_id`) REFERENCES `users` (`id`) ON DELETE CASCADE
) ENGINE=InnoDB AUTO_INCREMENT=32 DEFAULT CHARSET=utf8mb4 COLLATE=utf8mb4_unicode_ci;
/*!40101 SET character_set_client = @saved_cs_client */;

--
-- Dumping data for table `favourites`
--

LOCK TABLES `favourites` WRITE;
/*!40000 ALTER TABLE `favourites` DISABLE KEYS */;
INSERT INTO `favourites` VALUES (3,23,14,'2021-02-28 06:32:35','2021-02-28 06:32:35'),(4,23,17,'2021-02-28 13:43:50','2021-02-28 13:43:50'),(5,29,22,'2021-03-01 05:45:22','2021-03-01 05:45:22'),(6,29,20,'2021-03-01 05:45:24','2021-03-01 05:45:24'),(7,32,17,'2021-03-01 11:59:04','2021-03-01 11:59:04'),(13,37,22,'2021-03-02 18:23:21','2021-03-02 18:23:21'),(14,37,20,'2021-03-02 18:23:22','2021-03-02 18:23:22'),(16,37,26,'2021-03-02 18:27:41','2021-03-02 18:27:41'),(18,50,34,'2021-03-04 12:23:32','2021-03-04 12:23:32'),(19,32,42,'2021-03-04 20:16:38','2021-03-04 20:16:38'),(20,58,51,'2021-03-07 17:58:31','2021-03-07 17:58:31'),(21,70,17,'2021-03-13 17:01:52','2021-03-13 17:01:52'),(22,94,41,'2021-03-14 02:42:35','2021-03-14 02:42:35'),(23,104,41,'2021-03-14 12:47:44','2021-03-14 12:47:44'),(24,58,89,'2021-03-14 14:25:49','2021-03-14 14:25:49'),(25,61,20,'2021-04-02 16:01:34','2021-04-02 16:01:34'),(26,61,22,'2021-04-02 16:01:39','2021-04-02 16:01:39'),(27,122,16,'2021-04-05 12:48:51','2021-04-05 12:48:51'),(29,120,25,'2021-04-06 11:57:54','2021-04-06 11:57:54'),(30,120,14,'2021-04-06 11:57:59','2021-04-06 11:57:59'),(31,55,26,'2021-04-07 14:13:51','2021-04-07 14:13:51');
/*!40000 ALTER TABLE `favourites` ENABLE KEYS */;
UNLOCK TABLES;

--
-- Table structure for table `migrations`
--

DROP TABLE IF EXISTS `migrations`;
/*!40101 SET @saved_cs_client     = @@character_set_client */;
/*!50503 SET character_set_client = utf8mb4 */;
CREATE TABLE `migrations` (
  `id` int unsigned NOT NULL AUTO_INCREMENT,
  `migration` varchar(191) COLLATE utf8mb4_unicode_ci NOT NULL,
  `batch` int NOT NULL,
  PRIMARY KEY (`id`)
) ENGINE=InnoDB AUTO_INCREMENT=16 DEFAULT CHARSET=utf8mb4 COLLATE=utf8mb4_unicode_ci;
/*!40101 SET character_set_client = @saved_cs_client */;

--
-- Dumping data for table `migrations`
--

LOCK TABLES `migrations` WRITE;
/*!40000 ALTER TABLE `migrations` DISABLE KEYS */;
INSERT INTO `migrations` VALUES (1,'2014_10_12_000000_create_users_table',1),(2,'2014_10_12_100000_create_password_resets_table',1),(3,'2019_08_19_000000_create_failed_jobs_table',1),(4,'2019_12_14_000001_create_personal_access_tokens_table',1),(5,'2020_12_12_062526_create_cities_table',1),(6,'2020_12_22_090831_create_categories_table',1),(7,'2020_12_22_090841_create_shops_table',1),(8,'2020_12_22_090851_create_offers_table',1),(9,'2020_12_22_112657_create_favourites_table',1),(10,'2020_12_28_075124_create_admins_table',1),(11,'2020_12_28_085430_create_coupon_user_table',1),(12,'2020_12_28_111357_create_settings_table',1),(13,'2020_12_31_093835_create_distances_table',1),(14,'2021_01_06_080836_create_notifications_table',1),(15,'2021_01_18_113240_create_contact_us_messages_table',1);
/*!40000 ALTER TABLE `migrations` ENABLE KEYS */;
UNLOCK TABLES;

--
-- Table structure for table `notifications`
--

DROP TABLE IF EXISTS `notifications`;
/*!40101 SET @saved_cs_client     = @@character_set_client */;
/*!50503 SET character_set_client = utf8mb4 */;
CREATE TABLE `notifications` (
  `id` bigint unsigned NOT NULL AUTO_INCREMENT,
  `message_ar` text COLLATE utf8mb4_unicode_ci NOT NULL,
  `message_en` text COLLATE utf8mb4_unicode_ci NOT NULL,
  `created_at` timestamp NULL DEFAULT NULL,
  `updated_at` timestamp NULL DEFAULT NULL,
  PRIMARY KEY (`id`)
) ENGINE=InnoDB AUTO_INCREMENT=3 DEFAULT CHARSET=utf8mb4 COLLATE=utf8mb4_unicode_ci;
/*!40101 SET character_set_client = @saved_cs_client */;

--
-- Dumping data for table `notifications`
--

LOCK TABLES `notifications` WRITE;
/*!40000 ALTER TABLE `notifications` DISABLE KEYS */;
INSERT INTO `notifications` VALUES (1,'تم اضافه متحر  اركان الامل','Asu','2021-03-03 17:13:34','2021-03-03 17:13:34'),(2,'انضمام متجر الوان ومتجر عالم الشواحن','alik','2021-03-07 15:06:13','2021-03-07 15:06:13');
/*!40000 ALTER TABLE `notifications` ENABLE KEYS */;
UNLOCK TABLES;

--
-- Table structure for table `offers`
--

DROP TABLE IF EXISTS `offers`;
/*!40101 SET @saved_cs_client     = @@character_set_client */;
/*!50503 SET character_set_client = utf8mb4 */;
CREATE TABLE `offers` (
  `id` bigint unsigned NOT NULL AUTO_INCREMENT,
  `product_name` varchar(191) COLLATE utf8mb4_unicode_ci NOT NULL,
  `price_before` double NOT NULL,
  `price_after` double NOT NULL,
  `image` text COLLATE utf8mb4_unicode_ci NOT NULL,
  `shop_id` bigint unsigned NOT NULL,
  `created_at` timestamp NULL DEFAULT NULL,
  `updated_at` timestamp NULL DEFAULT NULL,
  PRIMARY KEY (`id`),
  KEY `offers_shop_id_index` (`shop_id`),
  CONSTRAINT `offers_shop_id_foreign` FOREIGN KEY (`shop_id`) REFERENCES `shops` (`id`) ON DELETE CASCADE
) ENGINE=InnoDB AUTO_INCREMENT=92 DEFAULT CHARSET=utf8mb4 COLLATE=utf8mb4_unicode_ci;
/*!40101 SET character_set_client = @saved_cs_client */;

--
-- Dumping data for table `offers`
--

LOCK TABLES `offers` WRITE;
/*!40000 ALTER TABLE `offers` DISABLE KEYS */;
INSERT INTO `offers` VALUES (14,'قهوه عربيه',100,95,'offers/offer-1614493945-603b38f99acfa6.97332206image_pick.jpg',4,'2021-02-28 06:32:25','2021-02-28 06:32:25'),(15,'شاي',10,8,'',4,'2021-02-28 07:07:52','2021-02-28 07:07:52'),(16,'كيك',25,20,'',4,'2021-02-28 07:11:22','2021-02-28 07:11:22'),(17,'مسحب',14,12,'offers/offer-1614519769-603b9dd9d15379.76949634image_pick.jpg',5,'2021-02-28 13:42:49','2021-02-28 13:42:49'),(18,'مسحب حراق',15,13,'',5,'2021-02-28 20:07:19','2021-02-28 20:07:19'),(19,'كوكيز',25,20,'offers/offer-1614548323-603c0d63972c98.71189280image_pick.jpg',8,'2021-02-28 21:38:43','2021-02-28 21:38:43'),(20,'حلا الايسكريم',50,40,'offers/offer-1614548762-603c0f1a9e1542.50107872image_pick.jpg',8,'2021-02-28 21:46:02','2021-02-28 21:46:02'),(21,'ورق عنب',30,25,'offers/offer-1614548863-603c0f7fafd138.19188804image_pick.jpg',8,'2021-02-28 21:47:43','2021-02-28 21:47:43'),(22,'ميني حلا',35,30,'offers/offer-1614549002-603c100ab72e91.07270898image_pick.jpg',8,'2021-02-28 21:50:02','2021-02-28 21:50:02'),(24,'عطرالود',200,150,'offers/offer-1614615202-603d12a2463ef4.13039906image_pick.jpg',10,'2021-03-01 16:13:22','2021-03-01 16:13:22'),(25,'عطرالود',200,150,'offers/offer-1614615206-603d12a6ccc274.28331894image_pick.jpg',10,'2021-03-01 16:13:26','2021-03-01 16:13:26'),(26,'نص حبه مع الرز',18,14,'offers/offer-1614709635-603e8383a46666.00580285image_pick.jpg',11,'2021-03-02 18:27:15','2021-03-02 18:27:15'),(27,'سياره مرسدس',100000,99000,'offers/offer-1614854111-6040b7df98e807.34788678image_pick.jpg',14,'2021-03-04 10:35:11','2021-03-04 10:35:11'),(28,'خصم 25٪',100,75,'offers/offer-1614855824-6040be90d45056.01579570image_pick.jpg',15,'2021-03-04 11:03:44','2021-03-04 11:03:44'),(29,'تجهيز العروس',2500,2000,'offers/offer-1614855861-6040beb50906c4.55357238image_pick.jpg',15,'2021-03-04 11:04:21','2021-03-04 11:04:21'),(31,'قص الشعر',150,125,'offers/offer-1614857388-6040c4ac401328.79930069image_pick.jpg',16,'2021-03-04 11:29:48','2021-03-04 11:29:48'),(32,'مكياج عروس',1500,1250,'offers/offer-1614859849-6040ce49312376.95788095image_pick.jpg',16,'2021-03-04 12:10:49','2021-03-04 12:10:49'),(33,'الخدمات كامله خصم 25٪',0,0,'offers/offer-1614859877-6040ce65e67f84.16195861image_pick.jpg',16,'2021-03-04 12:11:17','2021-03-04 12:11:17'),(34,'شقه سكنيه ايجار شهري',1100,900,'offers/offer-1614860142-6040cf6e1485a7.27863506image_pick.jpg',17,'2021-03-04 12:15:42','2021-03-04 12:15:42'),(35,'شقه سكنيه غرفتين وصاله ومجلس رجال',1300,1150,'offers/offer-1614860174-6040cf8ebafb12.34060108image_pick.jpg',17,'2021-03-04 12:16:14','2021-03-04 12:16:14'),(36,'غرفتين وصاله',1000,800,'offers/offer-1614860200-6040cfa88922e7.07573522image_pick.jpg',17,'2021-03-04 12:16:40','2021-03-04 12:16:40'),(37,'فله درج داخلي',48000,45000,'offers/offer-1614860247-6040cfd7da9bc5.64438595image_pick.jpg',17,'2021-03-04 12:17:27','2021-03-04 12:17:27'),(38,'عماره للبيع تجاريه اربع محلات واربع شقق  على السوم',0,0,'offers/offer-1614860315-6040d01b5af7e3.36064676image_pick.jpg',17,'2021-03-04 12:18:35','2021-03-04 12:18:35'),(39,'ارض تجاريه مساحه 600 متر على السوم حي العارض',0,0,'offers/offer-1614860478-6040d0be574c67.60517995image_pick.jpg',17,'2021-03-04 12:21:18','2021-03-04 12:21:18'),(40,'شاليه باليومي',600,300,'offers/offer-1614860547-6040d103bbf899.99405537image_pick.jpg',17,'2021-03-04 12:22:27','2021-03-04 12:22:27'),(41,'سياره اكسنت مديل 2015 على الفحص',19500,1900,'offers/offer-1614860957-6040d29d1c1074.75642424image_pick.jpg',18,'2021-03-04 12:29:17','2021-03-04 12:29:17'),(42,'جيب فورشنر دبل 2014',51000,50000,'offers/offer-1614861051-6040d2fb9f4526.19015325image_pick.jpg',18,'2021-03-04 12:30:51','2021-03-04 12:30:51'),(43,'جيب لكزس سيورت  وكاله2015',187000,186000,'offers/offer-1614861259-6040d3cb8c0483.19578562image_pick.jpg',18,'2021-03-04 12:34:19','2021-03-04 12:34:19'),(45,'جيب شاص ديزل على السوم التواصل جوال 056664558',0,0,'offers/offer-1614862957-6040da6d525dc7.79878171image_pick.jpg',18,'2021-03-04 13:02:37','2021-03-04 13:02:37'),(46,'ارض سكنيه 500 متر على السوم',0,0,'offers/offer-1614863209-6040db695a52f9.23386469image_pick.jpg',19,'2021-03-04 13:06:49','2021-03-04 13:06:49'),(47,'اربع شقق جديده للايجار الشهري حي العارض',1500,1300,'offers/offer-1614863377-6040dc11a8bd09.14497135image_pick.jpg',19,'2021-03-04 13:09:37','2021-03-04 13:09:37'),(48,'دور ارضي',38000,37500,'offers/offer-1614865807-6040e58f2cc7f7.46716584image_pick.jpg',19,'2021-03-04 13:50:07','2021-03-04 13:50:07'),(49,'شقه دور ارضي مدخل خاص  ايجار شهري',2000,1600,'offers/offer-1614946433-604220815d1817.06861223image_pick.png',20,'2021-03-05 12:13:53','2021-03-05 12:13:53'),(50,'خذ شورما والثانيه مجانا',15,7,'',22,'2021-03-06 21:04:26','2021-03-06 21:04:26'),(51,'كفر ايفون 12',40,25,'offers/offer-1615132904-6044f8e8a35d29.13545287image_pick.jpg',21,'2021-03-07 16:01:44','2021-03-07 16:01:44'),(52,'عطر',15,14,'offers/offer-1615134867-60450093781902.78228383image_pick.jpg',23,'2021-03-07 16:34:27','2021-03-07 16:34:27'),(53,'بخور بحريتي',15,14,'offers/offer-1615135055-6045014f3dbf50.61617340image_pick.jpg',23,'2021-03-07 16:37:35','2021-03-07 16:37:35'),(54,'ولعات',19,15,'offers/offer-1615135183-604501cf8e33b1.89501129image_pick.jpg',23,'2021-03-07 16:39:43','2021-03-07 16:39:43'),(55,'عطر',15,14,'offers/offer-1615135215-604501efaaef77.95125859image_pick.jpg',23,'2021-03-07 16:40:15','2021-03-07 16:40:15'),(56,'عطر',15,14,'offers/offer-1615135244-6045020cda2145.61840957image_pick.jpg',23,'2021-03-07 16:40:44','2021-03-07 16:40:44'),(57,'عطر',15,14,'offers/offer-1615135271-604502278b3f51.66695466image_pick.jpg',23,'2021-03-07 16:41:11','2021-03-07 16:41:11'),(58,'عطر',15,14,'offers/offer-1615135302-60450246731ad7.99481341image_pick.jpg',23,'2021-03-07 16:41:42','2021-03-07 16:41:42'),(59,'عطر',15,14,'offers/offer-1615135328-60450260d52c39.71788096image_pick.jpg',23,'2021-03-07 16:42:08','2021-03-07 16:42:08'),(60,'توله زعفران احمر',30,25,'offers/offer-1615136138-6045058a363147.14199789image_pick.jpg',23,'2021-03-07 16:55:38','2021-03-07 16:55:38'),(61,'توله عنبر ملكي',35,30,'offers/offer-1615136171-604505ab3b1897.29491636image_pick.jpg',23,'2021-03-07 16:56:11','2021-03-07 16:56:11'),(62,'فواحه وبلوتوث ب٧ الوان  مع هديه زيت',185,145,'offers/offer-1615136240-604505f0e7d378.80675632image_pick.jpg',23,'2021-03-07 16:57:21','2021-03-07 16:57:21'),(63,'فواحه ومنقي هواء ومتعدده الاوان',145,125,'offers/offer-1615136338-604506528ad865.28269845image_pick.jpg',23,'2021-03-07 16:58:58','2021-03-07 16:58:58'),(64,'قهوه تنحيف طبيعيه',50,40,'offers/offer-1615154296-60454c78cb7a64.38862779image_pick.jpg',23,'2021-03-07 21:58:16','2021-03-07 21:58:16'),(65,'مدخنه',45,35,'offers/offer-1615154347-60454cab204a97.25763148image_pick.jpg',23,'2021-03-07 21:59:07','2021-03-07 21:59:07'),(66,'مبخر ومخزن بخور تركي',160,140,'offers/offer-1615154403-60454ce3e1fd48.06573989image_pick.jpg',23,'2021-03-07 22:00:03','2021-03-07 22:00:03'),(67,'رادو مع وي فاي وبلوتوث ومدخل فلاش',90,75,'offers/offer-1615154479-60454d2f704534.86476738image_pick.jpg',23,'2021-03-07 22:01:19','2021-03-07 22:01:19'),(68,'توله مسك الرمان',40,35,'offers/offer-1615154519-60454d571e2c52.19154509image_pick.jpg',23,'2021-03-07 22:01:59','2021-03-07 22:01:59'),(69,'مبخره',50,40,'offers/offer-1615154590-60454d9e957bd7.40244354image_pick.jpg',23,'2021-03-07 22:03:10','2021-03-07 22:03:10'),(70,'مبخره كلمنتان',55,40,'offers/offer-1615154630-60454dc64ec0a2.10717308image_pick.jpg',23,'2021-03-07 22:03:50','2021-03-07 22:03:50'),(71,'فانوس صغير رمضانيات',15,8,'offers/offer-1615154727-60454e2744b5a5.71191980image_pick.jpg',23,'2021-03-07 22:05:27','2021-03-07 22:05:27'),(72,'زعفران منقي درجه اولى ٥غرام',60,45,'offers/offer-1615154775-60454e572f19a9.01676011image_pick.jpg',23,'2021-03-07 22:06:15','2021-03-07 22:06:15'),(73,'ولاعه خاصه للفحم',15,10,'offers/offer-1615154828-60454e8c2cc843.13474096image_pick.jpg',23,'2021-03-07 22:07:08','2021-03-07 22:07:08'),(74,'بخاخ مفارش',30,25,'offers/offer-1615154875-60454ebb1c4415.63657216image_pick.jpg',23,'2021-03-07 22:07:55','2021-03-07 22:07:55'),(75,'عطر',90,80,'offers/offer-1615154910-60454ede60f0d6.64190762image_pick.jpg',23,'2021-03-07 22:08:30','2021-03-07 22:08:30'),(76,'عطر',85,80,'offers/offer-1615154943-60454eff9ab280.68049840image_pick.jpg',23,'2021-03-07 22:09:03','2021-03-07 22:09:03'),(77,'عود فخم كلمنتان يبض الوجه',100,90,'offers/offer-1615155009-60454f415eb214.15847864image_pick.jpg',23,'2021-03-07 22:10:09','2021-03-07 22:10:09'),(78,'معطر مفارش',30,25,'offers/offer-1615155041-60454f61c0b5e9.73649163image_pick.jpg',23,'2021-03-07 22:10:41','2021-03-07 22:10:41'),(79,'عطر',80,75,'offers/offer-1615155070-60454f7e4140a8.20155461image_pick.jpg',23,'2021-03-07 22:11:10','2021-03-07 22:11:10'),(80,'مبخره شعبيه',150,145,'offers/offer-1615155118-60454fae144278.03960182image_pick.jpg',23,'2021-03-07 22:11:58','2021-03-07 22:11:58'),(81,'مبخره',75,55,'offers/offer-1615155168-60454fe0a41353.29033803image_pick.jpg',23,'2021-03-07 22:12:48','2021-03-07 22:12:48'),(82,'مبخره',50,45,'offers/offer-1615155207-604550071f6503.57319258image_pick.jpg',23,'2021-03-07 22:13:27','2021-03-07 22:13:27'),(83,'مبخره',50,40,'offers/offer-1615155248-60455030257ff8.42755707image_pick.jpg',23,'2021-03-07 22:14:08','2021-03-07 22:14:08'),(84,'عكر',85,80,'offers/offer-1615155296-604550603d4946.52029710image_pick.jpg',23,'2021-03-07 22:14:56','2021-03-07 22:14:56'),(85,'بخور عاشق العود',35,25,'offers/offer-1615155345-60455091493069.31904348image_pick.jpg',23,'2021-03-07 22:15:45','2021-03-07 22:15:45'),(87,'ثوب مجانا',150,75,'',24,'2021-03-11 16:27:17','2021-03-11 16:27:17'),(88,'سمن غنم بدون اضافات',180,160,'offers/offer-1615705573-604db5e5c85896.54826763image_pick.jpg',26,'2021-03-14 07:06:13','2021-03-14 07:06:13'),(89,'زبدة غنم طازجه',110,100,'offers/offer-1615705640-604db628625c15.23064728image_pick.jpg',26,'2021-03-14 07:07:20','2021-03-14 07:07:20'),(90,'زبدة ماعز طازجه وفاخره',130,120,'offers/offer-1615705685-604db655e64e85.67887346image_pick.jpg',26,'2021-03-14 07:08:06','2021-03-14 07:08:06'),(91,'بخور دوسري فاخر',120,100,'offers/offer-1615705763-604db6a31f9b17.86380630image_pick.jpg',26,'2021-03-14 07:09:23','2021-03-14 07:09:23');
/*!40000 ALTER TABLE `offers` ENABLE KEYS */;
UNLOCK TABLES;

--
-- Table structure for table `password_resets`
--

DROP TABLE IF EXISTS `password_resets`;
/*!40101 SET @saved_cs_client     = @@character_set_client */;
/*!50503 SET character_set_client = utf8mb4 */;
CREATE TABLE `password_resets` (
  `email` varchar(191) COLLATE utf8mb4_unicode_ci NOT NULL,
  `token` varchar(191) COLLATE utf8mb4_unicode_ci NOT NULL,
  `created_at` timestamp NULL DEFAULT NULL,
  KEY `password_resets_email_index` (`email`)
) ENGINE=InnoDB DEFAULT CHARSET=utf8mb4 COLLATE=utf8mb4_unicode_ci;
/*!40101 SET character_set_client = @saved_cs_client */;

--
-- Dumping data for table `password_resets`
--

LOCK TABLES `password_resets` WRITE;
/*!40000 ALTER TABLE `password_resets` DISABLE KEYS */;
/*!40000 ALTER TABLE `password_resets` ENABLE KEYS */;
UNLOCK TABLES;

--
-- Table structure for table `personal_access_tokens`
--

DROP TABLE IF EXISTS `personal_access_tokens`;
/*!40101 SET @saved_cs_client     = @@character_set_client */;
/*!50503 SET character_set_client = utf8mb4 */;
CREATE TABLE `personal_access_tokens` (
  `id` bigint unsigned NOT NULL AUTO_INCREMENT,
  `tokenable_type` varchar(191) COLLATE utf8mb4_unicode_ci NOT NULL,
  `tokenable_id` bigint unsigned NOT NULL,
  `name` varchar(191) COLLATE utf8mb4_unicode_ci NOT NULL,
  `token` varchar(64) COLLATE utf8mb4_unicode_ci NOT NULL,
  `abilities` text COLLATE utf8mb4_unicode_ci,
  `last_used_at` timestamp NULL DEFAULT NULL,
  `created_at` timestamp NULL DEFAULT NULL,
  `updated_at` timestamp NULL DEFAULT NULL,
  PRIMARY KEY (`id`),
  UNIQUE KEY `personal_access_tokens_token_unique` (`token`),
  KEY `personal_access_tokens_tokenable_type_tokenable_id_index` (`tokenable_type`,`tokenable_id`)
) ENGINE=InnoDB AUTO_INCREMENT=176 DEFAULT CHARSET=utf8mb4 COLLATE=utf8mb4_unicode_ci;
/*!40101 SET character_set_client = @saved_cs_client */;

--
-- Dumping data for table `personal_access_tokens`
--

LOCK TABLES `personal_access_tokens` WRITE;
/*!40000 ALTER TABLE `personal_access_tokens` DISABLE KEYS */;
INSERT INTO `personal_access_tokens` VALUES (1,'App\\Models\\Admin',1,'admin-token','1a0a8574ebbf4edc2801ecf8ccd9a0afda62b25c3f81ff3e5a8f1d961dca15b0','[\"server:update\"]','2021-02-24 13:30:23','2021-02-24 13:30:14','2021-02-24 13:30:23'),(2,'App\\Models\\User',21,'my-lovely-token','89e91c6a5c5458ab427d1864981e63a0baeee188775fc0730cf7ee64a11843be','[\"server:show\"]','2021-02-24 14:16:56','2021-02-24 13:31:03','2021-02-24 14:16:56'),(3,'App\\Models\\User',21,'my-lovely-token','f07431374c0be25d6f8aee478c9c953b9a9dfdbbfea39368a7873eb53010d018','[\"server:show\"]',NULL,'2021-02-25 07:05:47','2021-02-25 07:05:47'),(4,'App\\Models\\User',21,'my-lovely-token','46b48259c56bfe787f334a4844768b98507a46cf2c4d333c1e5c416ac39d7186','[\"server:show\"]','2021-02-25 07:06:27','2021-02-25 07:05:47','2021-02-25 07:06:27'),(5,'App\\Models\\User',21,'my-lovely-token','a7077cbebc672ee5599fafb1e504768b4e47cbcdc0a03d6863ef2bb1baead889','[\"server:show\"]','2021-02-27 09:36:42','2021-02-25 07:08:09','2021-02-27 09:36:42'),(6,'App\\Models\\User',21,'my-lovely-token','6a7d4603b77af7d3a46d2d475531a8130b80ac062830312a8fe350cb3986244d','[\"server:show\"]','2021-02-27 09:26:08','2021-02-27 09:26:00','2021-02-27 09:26:08'),(7,'App\\Models\\User',21,'my-lovely-token','081f573ce5dab039dbaf251471871ce63cde4bb97bdf97de64241178cb47eb9f','[\"server:show\"]','2021-02-27 09:27:37','2021-02-27 09:27:31','2021-02-27 09:27:37'),(8,'App\\Models\\User',21,'my-lovely-token','73bbe5edea4b2f280658d3a1f2bbbcbcdb26fae0ba27b14dd7c87c435134fb29','[\"server:show\"]','2021-02-27 09:37:41','2021-02-27 09:37:16','2021-02-27 09:37:41'),(9,'App\\Models\\User',21,'my-lovely-token','e1b262fa31125317ce1e4b39f82e740d9067e8d5d98787aeccd4862abbcf4750','[\"server:show\"]','2021-02-27 09:42:04','2021-02-27 09:41:58','2021-02-27 09:42:04'),(10,'App\\Models\\User',22,'my-lovely-token','e4ab91fa9c1bdcc46d6b731cae28d22a7babebd1ed5d28e24c0ec6857b7ae70d','[\"server:show\"]','2021-02-27 13:33:39','2021-02-27 13:33:07','2021-02-27 13:33:39'),(11,'App\\Models\\User',21,'my-lovely-token','bf27c5c75645108330f5b9c612f673170b8015f3d908960ed5b8f91a268c84f6','[\"server:show\"]','2021-02-27 21:09:49','2021-02-27 21:09:39','2021-02-27 21:09:49'),(12,'App\\Models\\User',23,'my-lovely-token','c73888ebfcd0e3b2349cfd660ed8ffe5080419faa35996cc0b5b54bb1c50910b','[\"server:show\"]','2021-02-28 21:29:48','2021-02-28 06:23:55','2021-02-28 21:29:48'),(13,'App\\Models\\Admin',1,'admin-token','bd9aa62158c73274b6f5ca8cb05b2723dc51089ace943b05225d23a8df615890','[\"server:update\"]','2021-02-28 12:21:41','2021-02-28 06:29:37','2021-02-28 12:21:41'),(14,'App\\Models\\User',24,'my-lovely-token','cdba3413322e48a69b0920b529b47d6bd3343edc9e8180a5f8aadf25c25c524a','[\"server:show\"]','2021-02-28 08:13:18','2021-02-28 08:10:52','2021-02-28 08:13:18'),(15,'App\\Models\\User',25,'my-lovely-token','6ccc40aca3251aa1be2460eb991c689c21c94cc48831b6bb9c21c124eff8f369','[\"server:show\"]','2021-02-28 08:23:15','2021-02-28 08:22:13','2021-02-28 08:23:15'),(16,'App\\Models\\User',26,'my-lovely-token','bcbf3d419d060f6540065e742147be5a0d1c81a5ae3751245498dc4a326074d5','[\"server:show\"]','2021-02-28 12:14:16','2021-02-28 08:34:54','2021-02-28 12:14:16'),(17,'App\\Models\\Admin',1,'admin-token','0aef67eb3c91a4ed52941f3e058091c82ca57090c17205f6e549dbd1e957c851','[\"server:update\"]','2021-02-28 08:36:32','2021-02-28 08:36:20','2021-02-28 08:36:32'),(18,'App\\Models\\User',27,'my-lovely-token','274ef7d5519a26d39928440aa3df6d6f006cb73d26cd614415584c4492725d1d','[\"server:show\"]','2021-02-28 13:39:37','2021-02-28 12:14:55','2021-02-28 13:39:37'),(19,'App\\Models\\User',26,'my-lovely-token','b8d515afcb6aa9150a90222a24e47b53c9c92f0dedbf08580ca632afe3049c9c','[\"server:show\"]','2021-02-28 13:44:27','2021-02-28 13:41:42','2021-02-28 13:44:27'),(20,'App\\Models\\User',28,'my-lovely-token','56f71fbd2a2de06a362080685907942b598c07e6de5cc34309aec79c78b6b229','[\"server:show\"]','2021-02-28 20:05:20','2021-02-28 16:27:23','2021-02-28 20:05:20'),(21,'App\\Models\\Admin',1,'admin-token','1a0e40c45f49f0cdd91303f58361dfb948dbb3235028be571e698c93b33c16b9','[\"server:update\"]','2021-02-28 16:34:14','2021-02-28 16:34:06','2021-02-28 16:34:14'),(22,'App\\Models\\User',26,'my-lovely-token','a7a1738fdcbcdf3ad7baef47f554e777637f17c21d9921beee7126f58cf8ca14','[\"server:show\"]','2021-03-03 10:00:04','2021-02-28 20:05:44','2021-03-03 10:00:04'),(23,'App\\Models\\Admin',1,'admin-token','fe594c477e37a086b44febf0737b3d8b5854ace6861d9378b31001a7e956f3d6','[\"server:update\"]','2021-02-28 21:55:02','2021-02-28 21:02:09','2021-02-28 21:55:02'),(24,'App\\Models\\User',29,'my-lovely-token','ff5c60cacd8c6814892d86b81393a286646f96893e7a8ab552241a13fb8782ab','[\"server:show\"]','2021-03-01 15:54:18','2021-02-28 21:30:35','2021-03-01 15:54:18'),(25,'App\\Models\\Admin',1,'admin-token','d9db36561b6ad214a5cb17c210cda3f04cff62d371d54c6d3d0bf79fd4661c24','[\"server:update\"]','2021-03-01 06:36:49','2021-03-01 05:44:43','2021-03-01 06:36:49'),(26,'App\\Models\\User',30,'my-lovely-token','51ed796db6eee16535a2f670567825a6ddddedcbc016a972c0361ff86acadc63','[\"server:show\"]','2021-03-05 12:03:59','2021-03-01 07:20:38','2021-03-05 12:03:59'),(27,'App\\Models\\Admin',1,'admin-token','524885088715ef5e7327f8f3cbb9fba39d37da7e4bca5cf516cfd0f84a615975','[\"server:update\"]','2021-03-01 09:05:51','2021-03-01 08:13:25','2021-03-01 09:05:51'),(28,'App\\Models\\User',31,'my-lovely-token','f87e72414a4619394f54df7fe236ad796cecef92991ba72352f4d3bd5e1b24c8','[\"server:show\"]','2021-03-01 10:32:37','2021-03-01 10:30:53','2021-03-01 10:32:37'),(29,'App\\Models\\Admin',1,'admin-token','807acf5f502f84f13cfc1bb521a4a2c9fe6bf6ae72eca665dc9b25b4286739f6','[\"server:update\"]','2021-03-01 16:12:14','2021-03-01 11:53:35','2021-03-01 16:12:14'),(30,'App\\Models\\User',32,'my-lovely-token','0a6a6ee0a5a63232d9d0449335966418d03fa53cbc90850f6a59e158b74fed24','[\"server:show\"]','2021-03-01 11:59:53','2021-03-01 11:57:40','2021-03-01 11:59:53'),(31,'App\\Models\\User',33,'my-lovely-token','c7dd04c87c41643a3ef6508e25e55dab386567fc000e1452d7550e5f8138bcca','[\"server:show\"]','2021-03-01 12:00:45','2021-03-01 11:58:59','2021-03-01 12:00:45'),(32,'App\\Models\\User',33,'my-lovely-token','9a56418859ba6a87bcbf77e84fb789565cf0748299ad5c6fedcaab4eaeada1dc','[\"server:show\"]','2021-03-01 12:02:34','2021-03-01 12:01:13','2021-03-01 12:02:34'),(33,'App\\Models\\User',35,'my-lovely-token','72f92cdade74965a23df92117eca6f0c4212341d4d422df96ed2959425298ba1','[\"server:show\"]','2021-03-01 14:10:27','2021-03-01 14:07:59','2021-03-01 14:10:27'),(34,'App\\Models\\User',36,'my-lovely-token','d6e8865a5b837266174c21c8ab6f1cc1f4a024741f22eb484071137026278f9f','[\"server:show\"]','2021-03-01 16:15:09','2021-03-01 15:57:15','2021-03-01 16:15:09'),(35,'App\\Models\\User',37,'my-lovely-token','532ef5df5c285cfa158ea64d9a4b5327c3d8191145e6adfd9483df40e5c19e9d','[\"server:show\"]','2021-03-05 12:07:02','2021-03-01 16:16:40','2021-03-05 12:07:02'),(36,'App\\Models\\Admin',1,'admin-token','c0a6792568d9c71745b6dba95db3248f6dd6ec9c4ed8bcb56432947b51c9ba93','[\"server:update\"]','2021-03-01 19:33:11','2021-03-01 19:32:57','2021-03-01 19:33:11'),(37,'App\\Models\\User',32,'my-lovely-token','38c2c2cea915d87f710da661995be2add1b1a12b8fd66da6674cddd29ef2017d','[\"server:show\"]','2021-03-07 06:56:15','2021-03-01 19:45:50','2021-03-07 06:56:15'),(38,'App\\Models\\Admin',1,'admin-token','997bd6543d47a9688e207029eb1daac4982fd126bcd9868061c5e1a47a369a54','[\"server:update\"]','2021-03-02 06:09:34','2021-03-02 06:09:28','2021-03-02 06:09:34'),(39,'App\\Models\\Admin',1,'admin-token','8249b5b8c594d22d5b9cbbde70cf89c1566f8487974138b3479e3991ddce1585','[\"server:update\"]','2021-03-02 18:26:36','2021-03-02 18:22:27','2021-03-02 18:26:36'),(40,'App\\Models\\Admin',1,'admin-token','04503442453c82cd5196ac4dd60ca29f47ad2df5d7629a6d305ecdfbf4d882b8','[\"server:update\"]','2021-03-02 20:20:26','2021-03-02 20:20:22','2021-03-02 20:20:26'),(41,'App\\Models\\Admin',1,'admin-token','5a09f556335e0057c51361f0984b6ff85677ad0e9815ff0f9965f6fb1202c6d5','[\"server:update\"]','2021-03-02 22:35:53','2021-03-02 21:34:27','2021-03-02 22:35:53'),(42,'App\\Models\\User',39,'my-lovely-token','f7307698028ad1d3c3b020ab51dd932b16f2a1d0d08a9c80f803a42fbb788c48','[\"server:show\"]','2021-03-05 07:19:37','2021-03-02 22:27:22','2021-03-05 07:19:37'),(43,'App\\Models\\Admin',1,'admin-token','5e9ee7aeeb4cb1cc53a19719cbec0446ee88bfa31eeb971979f3998233d8f398','[\"server:update\"]','2021-03-03 11:47:22','2021-03-02 22:47:57','2021-03-03 11:47:22'),(44,'App\\Models\\User',40,'my-lovely-token','4886bb626fad95433d621c58d65edb7a1d0e7628a42d5412bfb9f1c01b8012ab','[\"server:show\"]','2021-03-03 05:24:49','2021-03-03 05:23:19','2021-03-03 05:24:49'),(45,'App\\Models\\User',41,'my-lovely-token','4231726e84abeb51b1dc56b9e167dad15ac59016b21f62fc6ce36965b31a7d38','[\"server:show\"]','2021-03-03 05:51:39','2021-03-03 05:50:18','2021-03-03 05:51:39'),(46,'App\\Models\\User',42,'my-lovely-token','39d742e6149e0883f183b405bd8a33300f72c9c868c62bbff70e5e686e9f1bf0','[\"server:show\"]','2021-03-03 11:52:59','2021-03-03 09:57:40','2021-03-03 11:52:59'),(47,'App\\Models\\Admin',1,'admin-token','a3aef24412bae0f24ce55eccf7e5738a913981a232f4475cf54e1dbbdf0abda1','[\"server:update\"]','2021-03-03 13:44:03','2021-03-03 13:17:55','2021-03-03 13:44:03'),(48,'App\\Models\\Admin',1,'admin-token','4f9e68c251627602251d8523295e6d25d3bffc27e9b514233fe09413a040c020','[\"server:update\"]','2021-03-03 20:16:17','2021-03-03 14:44:32','2021-03-03 20:16:17'),(49,'App\\Models\\User',43,'my-lovely-token','d805818e71253a590214d006b5dbddf7cf6518600c15859490cb055400b2d647','[\"server:show\"]','2021-03-03 14:49:03','2021-03-03 14:46:13','2021-03-03 14:49:03'),(50,'App\\Models\\User',44,'my-lovely-token','7050944883d68e1f69a517a5a2a0862ca17dd4a017535a4df41ae396ec4d3e41','[\"server:show\"]','2021-03-03 17:15:31','2021-03-03 16:53:34','2021-03-03 17:15:31'),(51,'App\\Models\\User',45,'my-lovely-token','c0f0f88e615a320583ab99df0b51d8176d738f79f31740d3022ab4b357510c0a','[\"server:show\"]','2021-03-05 23:21:08','2021-03-03 17:41:22','2021-03-05 23:21:08'),(52,'App\\Models\\User',46,'my-lovely-token','26c224afb99d221ff73c21857470aaa4f54cf5fcf23c79ec55c122c06db7bec1','[\"server:show\"]','2021-03-04 10:23:56','2021-03-03 18:05:22','2021-03-04 10:23:56'),(53,'App\\Models\\Admin',1,'admin-token','05b7ef0969d04f58dfc7e9f7c4f22de187b78191b3be21d0b09b0593f760a258','[\"server:update\"]','2021-03-03 21:31:00','2021-03-03 20:57:16','2021-03-03 21:31:00'),(54,'App\\Models\\Admin',1,'admin-token','0bba6d7acf0e83e412734ac46ecc1e33b5bafa5388cc9520cc1ec2ae77a2d36e','[\"server:update\"]','2021-03-04 21:16:13','2021-03-03 22:05:47','2021-03-04 21:16:13'),(55,'App\\Models\\Admin',1,'admin-token','337c20e0448b69d742ead59efa84c326c696f30c07dc00306d802364ff16e743','[\"server:update\"]','2021-03-04 05:58:45','2021-03-04 05:58:42','2021-03-04 05:58:45'),(56,'App\\Models\\User',47,'my-lovely-token','f838ca8c3db1c321cf49a82893e97b4c8a44d53c53b660251bd320d416f1252d','[\"server:show\"]','2021-03-04 10:36:33','2021-03-04 10:24:51','2021-03-04 10:36:33'),(57,'App\\Models\\User',48,'my-lovely-token','352eb283eaf88e42451d58cc8c27b8dc810dafe499669f7d4e3ceae7937c2345','[\"server:show\"]','2021-03-04 11:04:32','2021-03-04 11:01:24','2021-03-04 11:04:32'),(58,'App\\Models\\User',49,'my-lovely-token','16a8b900d454f2404d9815a4ccef4fe8d06cd21d655c2381d6f007b7b1d3ee21','[\"server:show\"]','2021-03-04 12:12:20','2021-03-04 11:05:19','2021-03-04 12:12:20'),(59,'App\\Models\\User',50,'my-lovely-token','e6edf37a714cd0c40bd075f3ef5a6b8388a7644de5d0b2ef2f75caf075f703d5','[\"server:show\"]','2021-03-04 12:24:16','2021-03-04 12:12:58','2021-03-04 12:24:16'),(60,'App\\Models\\User',51,'my-lovely-token','0d8419051247b7dd8f4826b1fae2c4609a49afde2a0caa46802c107e54c20c8b','[\"server:show\"]','2021-03-04 13:03:06','2021-03-04 12:24:45','2021-03-04 13:03:06'),(61,'App\\Models\\User',52,'my-lovely-token','100f83476ea3d2c491381d50faf4e5166b60a38a064463eacc49825942a53906','[\"server:show\"]','2021-03-06 20:55:24','2021-03-04 13:03:34','2021-03-06 20:55:24'),(62,'App\\Models\\Admin',1,'admin-token','3b324acab9cdb448a73dee9b032f239287f8f04a2642dec7017ee294fc36a245','[\"server:update\"]','2021-03-04 19:26:01','2021-03-04 17:49:06','2021-03-04 19:26:01'),(63,'App\\Models\\User',53,'my-lovely-token','14dd32d49ee35ab121f4695ca678a524a4330b11b12bab8a611ebec0af2d334d','[\"server:show\"]','2021-03-08 18:40:52','2021-03-04 17:59:10','2021-03-08 18:40:52'),(64,'App\\Models\\User',54,'my-lovely-token','602e0116053ba10b1db94d8445d02251e7605a022f87136b35260f1deba7bd25','[\"server:show\"]','2021-03-05 01:20:55','2021-03-05 01:18:52','2021-03-05 01:20:55'),(65,'App\\Models\\Admin',1,'admin-token','3994d9579017e87cfd6f96391ace694636da7b0736e2063ff2c82f2cebc08504','[\"server:update\"]','2021-03-05 12:12:47','2021-03-05 12:05:29','2021-03-05 12:12:47'),(66,'App\\Models\\User',55,'my-lovely-token','e1fd9f2a25b5a73753895c005ae5739cbe0121c23068e80564ea3f71113a5de2','[\"server:show\"]','2021-04-16 19:22:05','2021-03-05 12:07:43','2021-04-16 19:22:05'),(67,'App\\Models\\Admin',1,'admin-token','c237643a6f111e2be8700f1ef8759103784c36b546a53786b008a69f4e3bc8b4','[\"server:update\"]','2021-03-05 22:07:21','2021-03-05 22:07:12','2021-03-05 22:07:21'),(68,'App\\Models\\Admin',1,'admin-token','5022bb2f093038afefcb471692f7b2b89f9a3c180f1f09dece3738672a97fa74','[\"server:update\"]','2021-03-08 06:19:45','2021-03-06 12:57:04','2021-03-08 06:19:45'),(69,'App\\Models\\User',56,'my-lovely-token','6297baca70e6864e83d2d8eb7bf2eae2cec7c3ba8505412e19366ff26afe6af5','[\"server:show\"]','2021-03-06 12:59:16','2021-03-06 12:57:17','2021-03-06 12:59:16'),(70,'App\\Models\\User',56,'my-lovely-token','ed2e947e5c61f22264152a8a4ff6976506fcd522ed255320f72768b8942e9eac','[\"server:show\"]','2021-03-06 20:56:47','2021-03-06 12:59:48','2021-03-06 20:56:47'),(71,'App\\Models\\User',57,'my-lovely-token','6a1842d0e90697dac9728688ffa930fb696b04a05b8b154436d2676f68ba6d6c','[\"server:show\"]','2021-03-06 18:55:04','2021-03-06 18:51:39','2021-03-06 18:55:04'),(72,'App\\Models\\User',56,'my-lovely-token','2d9d618bb59127ac7be9258d47aa19075df3fffadb5f1386d622bbeb7e3c1bbe','[\"server:show\"]','2021-03-06 21:38:58','2021-03-06 20:58:52','2021-03-06 21:38:58'),(73,'App\\Models\\User',58,'my-lovely-token','b5d604e51c7d52d802026b0140bdf3ac7e03e0858bf6944526fa44bd2de08b03','[\"server:show\"]','2021-04-16 01:49:14','2021-03-06 21:01:54','2021-04-16 01:49:14'),(74,'App\\Models\\User',56,'my-lovely-token','36624b9d4d370d9d96bf1d77d9e04bb70f11911d77f84e18d23de49bd8333589','[\"server:show\"]',NULL,'2021-03-07 10:02:47','2021-03-07 10:02:47'),(75,'App\\Models\\User',56,'my-lovely-token','a2dd5e7834b3261764e7298e27c4a5fdc30af889a08a48e34df70eb6ddc2232d','[\"server:show\"]','2021-03-07 15:07:42','2021-03-07 10:02:47','2021-03-07 15:07:42'),(76,'App\\Models\\User',60,'my-lovely-token','fde968769340d47fcd46ae1fafef441f931e9520007548fbf8343e929a3bf376','[\"server:show\"]','2021-03-25 15:49:58','2021-03-07 13:40:09','2021-03-25 15:49:58'),(77,'App\\Models\\User',56,'my-lovely-token','eab1894cdbbaad9349a2abbfc285dbe95757fe9a8b0a96a4fd64a1f5e9c22ffe','[\"server:show\"]','2021-03-08 15:51:58','2021-03-07 15:09:23','2021-03-08 15:51:58'),(78,'App\\Models\\User',32,'my-lovely-token','36c150666bee19f9fd6bcaff16ad93bcfb211655e92092f661376d5e519fdffb','[\"server:show\"]','2021-03-08 12:57:08','2021-03-08 12:47:07','2021-03-08 12:57:08'),(79,'App\\Models\\User',32,'my-lovely-token','7a389d499775418623dae605c51b50e6134e34dfb64686a38e02737ca8130799','[\"server:show\"]','2021-03-08 12:58:01','2021-03-08 12:57:46','2021-03-08 12:58:01'),(80,'App\\Models\\User',56,'my-lovely-token','2c1c50a393461d752f1cb16fe64e0cdacb78bd3ec5dbd7435e3ca48eb5cfa0bc','[\"server:show\"]',NULL,'2021-03-08 15:54:37','2021-03-08 15:54:37'),(81,'App\\Models\\User',56,'my-lovely-token','60bd0dabf42cacca279b0aa1adc9c473c3005cc0da8191f182006242bd15258a','[\"server:show\"]','2021-03-08 15:57:56','2021-03-08 15:54:37','2021-03-08 15:57:56'),(82,'App\\Models\\User',56,'my-lovely-token','d9f77dd32055e1a8599af5659d47a12430817e758d7ae7f711dc532f501224ed','[\"server:show\"]','2021-03-16 01:03:01','2021-03-08 15:59:17','2021-03-16 01:03:01'),(83,'App\\Models\\User',32,'my-lovely-token','708231abd88e859df8343c1146a8cabf4cc13d5f0e033c2af95063fbe75a35e1','[\"server:show\"]','2021-03-10 11:39:45','2021-03-09 06:11:39','2021-03-10 11:39:45'),(84,'App\\Models\\User',61,'my-lovely-token','abb1b468d06203b8730b04ad93309f618926504a6349e5234cc2d8375bf32604','[\"server:show\"]','2021-04-02 16:02:07','2021-03-10 11:41:12','2021-04-02 16:02:07'),(85,'App\\Models\\User',62,'my-lovely-token','85dd1d22e5843ef45a33f5a13ac5c36dc58c8ea051f1235a2703d0e8605d82a3','[\"server:show\"]','2021-03-11 00:39:46','2021-03-11 00:36:44','2021-03-11 00:39:46'),(86,'App\\Models\\Admin',1,'admin-token','51786166c31cd415cd0b36654a3aa3ee04544013d687acca52e560276719dab7','[\"server:update\"]','2021-03-11 14:33:18','2021-03-11 14:33:02','2021-03-11 14:33:18'),(87,'App\\Models\\User',64,'my-lovely-token','65b2e5060621006674c4ed90d8a47c1e7d7845dbd66dc6ee256b1762e245fc2d','[\"server:show\"]','2021-03-11 16:27:34','2021-03-11 16:24:35','2021-03-11 16:27:34'),(88,'App\\Models\\Admin',1,'admin-token','7e3eeaa9268cc09cb15617b7eaa4bb2548251e40a1ac127462db8df9375c18d7','[\"server:update\"]','2021-03-11 16:26:39','2021-03-11 16:26:33','2021-03-11 16:26:39'),(89,'App\\Models\\Admin',1,'admin-token','75c623a9cba07471a97638a0d123e136100f3f57db684806458b5311f081b175','[\"server:update\"]','2021-03-12 22:28:58','2021-03-12 12:01:21','2021-03-12 22:28:58'),(90,'App\\Models\\Admin',1,'admin-token','303f2d45080be1bce025d8759ccbb86eca29c04781d012852517f26ff22dbbd0','[\"server:update\"]','2021-03-16 05:39:22','2021-03-13 10:35:54','2021-03-16 05:39:22'),(91,'App\\Models\\User',65,'my-lovely-token','74e719ece15f92d38f59577c24d23db345ee96709d9f545ad654b973a2314a59','[\"server:show\"]','2021-03-13 16:07:31','2021-03-13 16:00:50','2021-03-13 16:07:31'),(92,'App\\Models\\User',66,'my-lovely-token','dcc7e4ca718a1e3f2d8ebf23518d6539de51cd7ac7cd165744afb51a699eab87','[\"server:show\"]','2021-03-13 16:20:28','2021-03-13 16:18:51','2021-03-13 16:20:28'),(93,'App\\Models\\User',67,'my-lovely-token','ccee15f2753fa0a37e14e8d25861d48965138b4fd10a90676d59a2166f54df66','[\"server:show\"]','2021-03-13 16:33:14','2021-03-13 16:32:15','2021-03-13 16:33:14'),(94,'App\\Models\\User',68,'my-lovely-token','ec562c66e263084f6d111bc49c8c8c4f795c4356e1e8778df3284de0e4669059','[\"server:show\"]','2021-03-21 02:57:24','2021-03-13 16:35:04','2021-03-21 02:57:24'),(95,'App\\Models\\User',69,'my-lovely-token','743cfb01bcc7418a4a37d80b967b03929e1067d1a1ac5c1f0800edef948b78b2','[\"server:show\"]','2021-03-13 16:39:51','2021-03-13 16:38:37','2021-03-13 16:39:51'),(96,'App\\Models\\User',70,'my-lovely-token','ad5e769b0be4ef44fe51c0ce3b8d65dc63d10dc453a4053954cef5097b62d3bb','[\"server:show\"]','2021-04-08 10:33:16','2021-03-13 16:43:33','2021-04-08 10:33:16'),(97,'App\\Models\\User',71,'my-lovely-token','b71d8574dcb47c9d789277f3097f07b9d2aa63232f5a746189c4f17574baa8e3','[\"server:show\"]','2021-03-19 02:27:52','2021-03-13 17:13:15','2021-03-19 02:27:52'),(98,'App\\Models\\User',72,'my-lovely-token','f8c867bae815321a77e06444f3e421c0135d74d2f3d015441f8ee68d7206d0a0','[\"server:show\"]','2021-03-13 17:18:32','2021-03-13 17:17:31','2021-03-13 17:18:32'),(99,'App\\Models\\User',73,'my-lovely-token','ada7e53bfca6e9632c44aaa0869b29a2c16250111bb8d7a9ae470ca09aad508e','[\"server:show\"]','2021-03-23 08:01:28','2021-03-13 17:41:46','2021-03-23 08:01:28'),(100,'App\\Models\\User',74,'my-lovely-token','e4514e04e073edccc53c203496aa655939f0dfa068e66d455ed78d88e86d8ee3','[\"server:show\"]','2021-03-13 17:45:30','2021-03-13 17:41:50','2021-03-13 17:45:30'),(101,'App\\Models\\User',75,'my-lovely-token','98ceb807b384819189f312d536ef30aeabb15bfbaca85025114bdaa284762825','[\"server:show\"]','2021-03-13 17:50:39','2021-03-13 17:50:18','2021-03-13 17:50:39'),(102,'App\\Models\\User',76,'my-lovely-token','87227f6396eb88a35a549c33cf8c28ab41666a9e8d2abc27cc8fb553817bf4c2','[\"server:show\"]','2021-03-13 18:01:52','2021-03-13 17:58:33','2021-03-13 18:01:52'),(103,'App\\Models\\User',77,'my-lovely-token','f3da4a8e4e74220757bf03dbfdb0e2b66371c1ce13263a29977a4cb269f70904','[\"server:show\"]','2021-03-13 22:02:09','2021-03-13 18:53:27','2021-03-13 22:02:09'),(104,'App\\Models\\User',78,'my-lovely-token','ef906067b666b3e2625b3c1be7c29844a2e27287cb92aeb8d861e84066c09493','[\"server:show\"]','2021-03-13 19:39:45','2021-03-13 19:19:17','2021-03-13 19:39:45'),(105,'App\\Models\\User',78,'my-lovely-token','d7779549b15edd0a8fd66d1f839a779d525faacd04a61a271d9297fdbee3da6d','[\"server:show\"]','2021-03-13 19:53:13','2021-03-13 19:52:48','2021-03-13 19:53:13'),(106,'App\\Models\\User',82,'my-lovely-token','2a2ca0e9c813326f5ee141c07cb212d91ff3399240d437e31f6d56f3cdce3386','[\"server:show\"]','2021-03-13 19:55:58','2021-03-13 19:54:56','2021-03-13 19:55:58'),(107,'App\\Models\\User',83,'my-lovely-token','320014ae9b70c539d6d6b9d73b27326615cd161d160f3b50cf4b3fae77f0279b','[\"server:show\"]','2021-03-15 04:44:19','2021-03-13 20:17:43','2021-03-15 04:44:19'),(108,'App\\Models\\User',84,'my-lovely-token','d01d33460f5be0f60042f879db206e5939999381c8ee10d4f45970efe6b2370d','[\"server:show\"]','2021-03-13 22:08:30','2021-03-13 22:05:58','2021-03-13 22:08:30'),(109,'App\\Models\\User',85,'my-lovely-token','29d9f2fc7ae1c84856ee3f9695627e4ff3dd2b1532139c1632c229fba97ddbcb','[\"server:show\"]','2021-03-13 22:41:27','2021-03-13 22:37:52','2021-03-13 22:41:27'),(110,'App\\Models\\User',86,'my-lovely-token','52c98232e89ce5b3fc36505e1670ac0ef0da17b74cf26a8e0324fb4ba41115ca','[\"server:show\"]','2021-03-13 22:49:49','2021-03-13 22:49:30','2021-03-13 22:49:49'),(111,'App\\Models\\User',87,'my-lovely-token','b861048be0265483bd2a1e241304f8477a77b3e788b9f9c5d7328c5e58d87101','[\"server:show\"]','2021-03-13 22:56:22','2021-03-13 22:52:47','2021-03-13 22:56:22'),(112,'App\\Models\\User',88,'my-lovely-token','d6715311a07ba3109dd6c21b4d8ff061ec477d148621e32d983594fe81b4b857','[\"server:show\"]','2021-03-13 23:16:01','2021-03-13 23:12:40','2021-03-13 23:16:01'),(113,'App\\Models\\User',89,'my-lovely-token','65c06cc2864f23a1c31f1aa3f9a5f9873a72f043b02b7a41fb375f012787a028','[\"server:show\"]','2021-04-05 18:50:41','2021-03-14 00:06:55','2021-04-05 18:50:41'),(114,'App\\Models\\User',90,'my-lovely-token','1ba2dc874246c2a5132c935608f14290b2b01464e872aa6ddb40803068efc95d','[\"server:show\"]','2021-03-14 00:24:45','2021-03-14 00:23:02','2021-03-14 00:24:45'),(115,'App\\Models\\User',91,'my-lovely-token','e3df2d3f4f11bd39dc5ea970b228b3856e5b2c4c0c9030fc43ba18b82392139e','[\"server:show\"]','2021-04-01 17:01:31','2021-03-14 00:27:24','2021-04-01 17:01:31'),(116,'App\\Models\\User',92,'my-lovely-token','10a39ef2d16a723541a9c8c55367771020169b1e5b4f4d83e30e23231389c3b3','[\"server:show\"]','2021-03-14 00:45:50','2021-03-14 00:45:10','2021-03-14 00:45:50'),(117,'App\\Models\\User',93,'my-lovely-token','2a251e007ef5a82fe75b62efeeb5b7a47064e8740bbcd01e8c521269c76df504','[\"server:show\"]','2021-03-14 01:23:06','2021-03-14 01:21:18','2021-03-14 01:23:06'),(118,'App\\Models\\User',94,'my-lovely-token','e164b1d9940dc1ea974e84755c880c38a06085e1f5af26fa88a599666c47ce67','[\"server:show\"]','2021-03-14 02:43:01','2021-03-14 02:40:35','2021-03-14 02:43:01'),(119,'App\\Models\\User',95,'my-lovely-token','e732ebcc831fd6e3216dc7fe788c7fa558cf23e4024c2d7e0133e3bc666b60b6','[\"server:show\"]','2021-03-26 20:31:00','2021-03-14 03:22:52','2021-03-26 20:31:00'),(120,'App\\Models\\User',96,'my-lovely-token','ed2d5485348ab41a3a3118970d926253b6e7fd6d1248a64b4c488bc3dac8518b','[\"server:show\"]','2021-03-14 07:47:51','2021-03-14 04:01:01','2021-03-14 07:47:51'),(121,'App\\Models\\User',97,'my-lovely-token','e85da88935a64597f196f1780a697eb299c3dbd03c9b7ebd60ddd85e357c1234','[\"server:show\"]','2021-03-27 18:42:38','2021-03-14 05:16:59','2021-03-27 18:42:38'),(122,'App\\Models\\User',98,'my-lovely-token','3963b11594eb9c5e41f861868db9368718f512ccf381855cbb86cd1b3f961513','[\"server:show\"]','2021-03-14 07:18:27','2021-03-14 07:15:57','2021-03-14 07:18:27'),(123,'App\\Models\\User',99,'my-lovely-token','8f68dc5da235071af5cb5a3bd2336c3d396e620d759446b794dea9777a2bff08','[\"server:show\"]','2021-03-14 08:57:57','2021-03-14 08:55:02','2021-03-14 08:57:57'),(124,'App\\Models\\User',100,'my-lovely-token','75dbe7ab6d43a57981b7b8a2b22338b3d680a21c6b6410a71c0ac6257270c536','[\"server:show\"]','2021-03-14 10:22:46','2021-03-14 10:20:50','2021-03-14 10:22:46'),(125,'App\\Models\\User',101,'my-lovely-token','f90e90358d4bf97746f28d562e494d33ff0f9a79bc260f2ddaa9ebc33c0f3f42','[\"server:show\"]','2021-03-16 09:40:09','2021-03-14 11:11:26','2021-03-16 09:40:09'),(126,'App\\Models\\User',102,'my-lovely-token','41841e0b2aa3213fbb91d716b75bf66e23c6818b1e102bfc2e1fdc13c2035440','[\"server:show\"]','2021-03-14 11:59:38','2021-03-14 11:57:27','2021-03-14 11:59:38'),(127,'App\\Models\\User',103,'my-lovely-token','2d133f3d4577bad06568cfca11ef7b4bff4afa648b0bad91e1fe6cb414975476','[\"server:show\"]','2021-03-20 00:26:50','2021-03-14 12:02:29','2021-03-20 00:26:50'),(128,'App\\Models\\User',104,'my-lovely-token','bd4f742c9723e5a092371420208e47a55dff299a07aa7e0bf89ee1e69c555c93','[\"server:show\"]','2021-03-14 12:50:39','2021-03-14 12:46:41','2021-03-14 12:50:39'),(129,'App\\Models\\User',105,'my-lovely-token','8a12ebb0714be72176aa758d48a21cfafc2785cb521aface899e05ef26597416','[\"server:show\"]','2021-03-14 12:58:34','2021-03-14 12:56:07','2021-03-14 12:58:34'),(130,'App\\Models\\User',106,'my-lovely-token','85e632e1e12ddba6e6e71a269e7176854d2d05047e2364060cdbbfe8555bd8ab','[\"server:show\"]','2021-03-14 13:00:15','2021-03-14 12:56:36','2021-03-14 13:00:15'),(131,'App\\Models\\User',107,'my-lovely-token','4849b608c8bdd34ffdba500b6fbdc23b760f34e5bbbb74ba3a7e2e15b01c0560','[\"server:show\"]','2021-03-14 13:43:42','2021-03-14 13:21:02','2021-03-14 13:43:42'),(132,'App\\Models\\User',108,'my-lovely-token','2c395820efa3123f1ac68f93baf999e332eb635cd8846740fee1cc6e4125daef','[\"server:show\"]','2021-03-30 10:08:25','2021-03-14 13:46:34','2021-03-30 10:08:25'),(133,'App\\Models\\User',109,'my-lovely-token','3f7abff9dd50e5dc94c9c3963c38809fcfb5cb380695ccb980a6597825589029','[\"server:show\"]','2021-03-14 13:54:53','2021-03-14 13:53:37','2021-03-14 13:54:53'),(134,'App\\Models\\User',110,'my-lovely-token','167224faae8be2e49b7a192fd464deb4c94c040b994830b15458202310b399a0','[\"server:show\"]','2021-03-14 15:41:59','2021-03-14 15:40:43','2021-03-14 15:41:59'),(135,'App\\Models\\User',111,'my-lovely-token','2c129f86b234e426e461783d864b42b86f6fdf8f74880dc86458c98b7fda6928','[\"server:show\"]','2021-03-19 23:32:37','2021-03-15 13:49:55','2021-03-19 23:32:37'),(136,'App\\Models\\Admin',1,'admin-token','7c139c9359fd6e24587d67570b28f5f0e269039c993322d9ceee72267dbc9153','[\"server:update\"]','2021-03-21 18:58:39','2021-03-20 09:56:37','2021-03-21 18:58:39'),(137,'App\\Models\\Admin',1,'admin-token','437d3ceaaff09e614078159db0fc62323a8390541df09cf69b66f6c6b71a707f','[\"server:update\"]','2021-03-23 13:38:14','2021-03-23 13:38:11','2021-03-23 13:38:14'),(138,'App\\Models\\Admin',1,'admin-token','e92c29143f425a73338c062953f1b83110e2ba93ba0e9636e5c5132fd8d232df','[\"server:update\"]','2021-03-24 14:37:21','2021-03-24 14:37:07','2021-03-24 14:37:21'),(139,'App\\Models\\Admin',1,'admin-token','514bf9f9fea83478a6d915da8b6995a490bc452d013e737f325702eec6779790','[\"server:update\"]','2021-03-24 16:09:11','2021-03-24 16:09:06','2021-03-24 16:09:11'),(140,'App\\Models\\Admin',1,'admin-token','50634b0c57f0cc1cf0f6008f75a2fb0780a99e79e8827aadc746601945293b64','[\"server:update\"]','2021-03-24 21:41:53','2021-03-24 21:09:27','2021-03-24 21:41:53'),(141,'App\\Models\\User',112,'my-lovely-token','e94acaf5b7ba13f97b26fc2a40b6752b24b2cbf41243005448be80fa43c7632c','[\"server:show\"]','2021-03-24 21:37:37','2021-03-24 21:36:25','2021-03-24 21:37:37'),(142,'App\\Models\\User',113,'my-lovely-token','1ae7a0b19d7b0e98a9a2887044f86c2d410e7065c1ef31c30cc3e5366bdb8899','[\"server:show\"]','2021-03-25 05:21:10','2021-03-25 05:16:40','2021-03-25 05:21:10'),(143,'App\\Models\\Admin',1,'admin-token','c339a0c3eea4609dfa4ce8dea1d023e1dcfbc8b162d5d1bb0caac850db1cc4da','[\"server:update\"]','2021-03-27 20:37:10','2021-03-25 06:40:25','2021-03-27 20:37:10'),(144,'App\\Models\\User',114,'my-lovely-token','9cd005974f73d5eab326c170554ecc6de4c3f4f4c1b41dec10c15f16b7f252d2','[\"server:show\"]','2021-03-26 01:23:46','2021-03-26 01:22:58','2021-03-26 01:23:46'),(145,'App\\Models\\Admin',1,'admin-token','16d33163286bcf248eab8c4d3c24221d0a4c7309ef9da14e971ab62f7db62db6','[\"server:update\"]','2021-03-29 18:06:03','2021-03-28 19:33:11','2021-03-29 18:06:03'),(146,'App\\Models\\User',115,'my-lovely-token','b8d3f3d7350fcfb25c8644a337f786534d1eda25826bb0f0b6e0c00b7cca74d9','[\"server:show\"]','2021-03-28 19:52:42','2021-03-28 19:51:23','2021-03-28 19:52:42'),(147,'App\\Models\\User',116,'my-lovely-token','55ce434b18cbb45006a9718220f6f3c57cee4d18c1ffecd34c0ffd6bd4a34626','[\"server:show\"]','2021-03-30 13:37:01','2021-03-29 10:30:30','2021-03-30 13:37:01'),(148,'App\\Models\\User',117,'my-lovely-token','4968181eb4faccd1ec18f731a42544fdbcb98f64380bb45b254f096fdb00ba41','[\"server:show\"]','2021-03-30 05:33:35','2021-03-30 05:33:06','2021-03-30 05:33:35'),(149,'App\\Models\\Admin',1,'admin-token','2e81a2a1473ed4477c5107e1ff57d85a7d7ad8147f7e7ac666afa10377ca97a9','[\"server:update\"]','2021-03-31 13:10:25','2021-03-30 21:06:50','2021-03-31 13:10:25'),(150,'App\\Models\\User',118,'my-lovely-token','7976cec494afdbf9c095addd6883051eff109eb14b967fd414eb583eab6da4d2','[\"server:show\"]','2021-04-03 00:25:26','2021-04-03 00:24:05','2021-04-03 00:25:26'),(151,'App\\Models\\User',119,'my-lovely-token','a5fb1116c15be935d923855c88853776e5cc824e682300bd04f4ccf25f7c9074','[\"server:show\"]','2021-04-04 12:44:47','2021-04-04 12:42:42','2021-04-04 12:44:47'),(152,'App\\Models\\User',120,'my-lovely-token','0c01d9761add4958ce039e68a0fd0ce9db1bbe7879de515947ec883cd1f112c3','[\"server:show\"]','2021-04-04 13:10:08','2021-04-04 13:10:07','2021-04-04 13:10:08'),(153,'App\\Models\\User',120,'my-lovely-token','ded9f18527c7379a92464a886532a59b477a7da100e8057de62f7a9d1dfbf2c0','[\"server:show\"]','2021-04-04 13:10:32','2021-04-04 13:10:31','2021-04-04 13:10:32'),(154,'App\\Models\\User',120,'my-lovely-token','331dbb86783ca9ea552abf55a2da12de4d899ad89b67b72180fd646369c4b50a','[\"server:show\"]','2021-04-04 13:11:13','2021-04-04 13:11:13','2021-04-04 13:11:13'),(155,'App\\Models\\User',121,'my-lovely-token','5bdfbe065a745b8aba99b169d63ec5fb92dae5ef6325c69977f1b83e92f55224','[\"server:show\"]','2021-04-04 14:39:17','2021-04-04 13:50:12','2021-04-04 14:39:17'),(156,'App\\Models\\User',122,'my-lovely-token','74f9d3dcd82f182242f709803db89fb23535c1e9726f7adba59303a18dfaf8cd','[\"server:show\"]','2021-04-05 13:19:59','2021-04-05 12:48:46','2021-04-05 13:19:59'),(157,'App\\Models\\User',120,'my-lovely-token','62731c7dff67978b6fb4b6dfc57952e77f25840f2d950c818f260fb66af87fe5','[\"server:show\"]','2021-04-05 14:30:33','2021-04-05 14:20:57','2021-04-05 14:30:33'),(158,'App\\Models\\User',120,'my-lovely-token','dd40fdeed5b7a0c5ea911b1073f67c3be9844fe4d42f0587ffd08440c69134b1','[\"server:show\"]','2021-04-05 14:51:10','2021-04-05 14:42:38','2021-04-05 14:51:10'),(159,'App\\Models\\User',120,'my-lovely-token','1a280cbeaa96d6a252f5c2eb07f42138fed54f6ab1c4d3a6b51537ca07f0c9e8','[\"server:show\"]','2021-04-05 15:02:15','2021-04-05 14:51:33','2021-04-05 15:02:15'),(160,'App\\Models\\User',120,'my-lovely-token','de7aaa0866585a50620abb5c0502138fbafc07f20aedc10a486ad77427e1bc6d','[\"server:show\"]','2021-04-05 15:07:25','2021-04-05 15:05:57','2021-04-05 15:07:25'),(161,'App\\Models\\User',120,'my-lovely-token','9389e9d6caf37ce089046b3d935b2b37583f147800a6c1deafebaf67c69e2689','[\"server:show\"]','2021-04-05 15:11:08','2021-04-05 15:10:17','2021-04-05 15:11:08'),(162,'App\\Models\\User',120,'my-lovely-token','088468151cfcf83952e1777798dab17315f4356a73d1d62277f12f81ddccbb54','[\"server:show\"]','2021-04-06 09:21:08','2021-04-06 07:03:12','2021-04-06 09:21:08'),(163,'App\\Models\\User',120,'my-lovely-token','990fe6070edf1ee74964d99dbdb2c9dbfbd696a2c65ee55b50072dc074300115','[\"server:show\"]','2021-04-06 11:58:01','2021-04-06 11:15:44','2021-04-06 11:58:01'),(164,'App\\Models\\User',120,'my-lovely-token','51cd6343eeb8311e130c349790c9dd4e70bd1c09eba242a22f6a93b14de56eee','[\"server:show\"]','2021-04-06 12:31:46','2021-04-06 12:31:16','2021-04-06 12:31:46'),(165,'App\\Models\\User',120,'my-lovely-token','9f6fff80c3fbc86c8e96bd8b4a68ce11c131aa21b48e4cf3a26dc9748ac3b571','[\"server:show\"]','2021-04-06 12:35:39','2021-04-06 12:34:57','2021-04-06 12:35:39'),(166,'App\\Models\\User',120,'my-lovely-token','097588aa71f2e24aadb1df6cc1eab8cd0d72c6eb3fa227e6adfc9ba39e3b3266','[\"server:show\"]','2021-04-06 12:41:50','2021-04-06 12:41:34','2021-04-06 12:41:50'),(167,'App\\Models\\Admin',1,'admin-token','b093f985ce4f25b6ac95540b051e5ad8652479959a9731cb9bc07be797aab241','[\"server:update\"]','2021-04-07 07:10:32','2021-04-07 07:07:56','2021-04-07 07:10:32'),(168,'App\\Models\\Admin',1,'admin-token','5abcd7e4d54567a75a51b2b6b7cdd65220e248e265c733da153dbbda575f8f7c','[\"server:update\"]','2021-04-07 21:23:46','2021-04-07 21:23:24','2021-04-07 21:23:46'),(169,'App\\Models\\User',123,'my-lovely-token','19600f3e7e8b8b917200a2ed97b6c9390d0fe6e3559f6beeb22fd7261cfb5c30','[\"server:show\"]','2021-04-08 04:08:14','2021-04-08 04:05:48','2021-04-08 04:08:14'),(170,'App\\Models\\User',124,'my-lovely-token','8bebc2c34edbb9d13e2da6ab689c1134a03f64c5f41baa9102be65a03de21cba','[\"server:show\"]','2021-04-08 19:35:06','2021-04-08 19:33:31','2021-04-08 19:35:06'),(171,'App\\Models\\User',125,'my-lovely-token','a7760661ceb0451738e96eb3c4f298faccd59b90053a1d97c4d9d4985746db26','[\"server:show\"]','2021-04-09 15:18:16','2021-04-09 15:18:00','2021-04-09 15:18:16'),(172,'App\\Models\\Admin',1,'admin-token','d6da1b1930da5c43ac4bbc15cc859fb237877ffe85fb30269dc48d1c8988fa57','[\"server:update\"]','2021-04-11 12:13:22','2021-04-11 12:13:11','2021-04-11 12:13:22'),(173,'App\\Models\\User',126,'my-lovely-token','0eedf2ef696d3c164c7666b096c603caa8d7392dd259d39205a0a3c96522fbb0','[\"server:show\"]','2021-04-15 09:05:42','2021-04-13 17:24:00','2021-04-15 09:05:42'),(174,'App\\Models\\Admin',1,'admin-token','804f9636f5da8c528d79e322807be7820619b3463d941ee8b95d859f2cdb58c4','[\"server:update\"]','2021-04-16 01:48:46','2021-04-15 14:50:29','2021-04-16 01:48:46'),(175,'App\\Models\\User',127,'my-lovely-token','8762e0bd0690db962cd1bb9a2ef8df44eafd9ee3d841f9582cb6517562a41b09','[\"server:show\"]','2021-04-16 19:29:19','2021-04-16 18:39:39','2021-04-16 19:29:19');
/*!40000 ALTER TABLE `personal_access_tokens` ENABLE KEYS */;
UNLOCK TABLES;

--
-- Table structure for table `settings`
--

DROP TABLE IF EXISTS `settings`;
/*!40101 SET @saved_cs_client     = @@character_set_client */;
/*!50503 SET character_set_client = utf8mb4 */;
CREATE TABLE `settings` (
  `id` bigint unsigned NOT NULL AUTO_INCREMENT,
  `key` varchar(191) COLLATE utf8mb4_unicode_ci NOT NULL,
  `content` text COLLATE utf8mb4_unicode_ci NOT NULL,
  `created_at` timestamp NULL DEFAULT NULL,
  `updated_at` timestamp NULL DEFAULT NULL,
  PRIMARY KEY (`id`)
) ENGINE=InnoDB AUTO_INCREMENT=15 DEFAULT CHARSET=utf8mb4 COLLATE=utf8mb4_unicode_ci;
/*!40101 SET character_set_client = @saved_cs_client */;

--
-- Dumping data for table `settings`
--

LOCK TABLES `settings` WRITE;
/*!40000 ALTER TABLE `settings` DISABLE KEYS */;
INSERT INTO `settings` VALUES (1,'page_about-us_en','this is the about-us page',NULL,NULL),(2,'page_usage-policy_en','this is the usage-policy page',NULL,NULL),(3,'page_terms-and-conditions_en','this is the terms-and-conditions page',NULL,NULL),(4,'page_about-us_ar','تطبيق مجاني يتيح لك فتح متجر وعرض منتجاتك ومعرفه المتاجر القريبه منك والاستفاده منها بشكل مجاني',NULL,'2021-03-13 16:43:36'),(5,'page_usage-policy_ar','اتفاقية الاستخدام\n\nمقدمة\n\nإن اتفاقية الاستخدام هذه وخصوصية الاستخدام ، والشروط والبنود ، وجميع السياسات التي تم نشرها على مؤسسة تطبيق شجاع للتسويق الإلكتروني وضعت لحماية وحفظ حقوق كل من ( مؤسسة تطبيق شجاع للتسويق الإلكتروني ) و ( المستخدم الذي يصل إلى الموقع بتسجيل او من دون تسجيل )أو ( العميل المستفيد من الإعلانات بتسجيل أو من دون تسجيل).\n\nتم إنشاء الاتفاقية بناء على نظام التعاملات الإلكترونية. تخضع البنود والشروط والأحكام والمنازعات القانونية للقوانين والتشريعات والأنظمة المعمول بها في المملكة العربية السعودية.\n\nلكونك مستخدم فأنك توافق على الالتزام بكل ما يرد بهذه الاتفاقية في حال استخدامك للموقع او في حال الوصول اليه او في حالة التسجيل في الخدمة. يحق لموقع حراج التعديل على هذه الاتفاقية في أي وقت وتعتبر ملزمة لجميع الأطراف بعد الإعلان عن التحديث في الموقع أو في أي وسيلة آخرى.\n\nتعريف\n\nمؤسسة تطبيق شجاع للتسويق الإلكتروني هي الجهة المالكة لموقع شجاع ، مؤسسة سعودية ١٠٠ ٪ مقرها الرئيسي الرياض وهي منصة الكترونية تمكن المستخدم (منشئ السجل الإلكتروني ) من فتح محل إلكتروني لتقديم خدماته وإيصالها للعميل المستهدف (مستقبل السجل الإلكتروني ) وفق شروط وضوابط محددة وتحت مسؤوليته. ويشار إليها بهذه الاتفاقية باسم ( مؤسسة تطبيق شجاع   للتسويق الإلكتروني ) أو ( نحن ) أو ( لنا ) أو ( تطبيق شجاع ) ، وتمثل هنا الطرف الأول.\n\nالمستخدم هو ( الفرد او المؤسسة أو الشركة ) المنشئ للسجل الإلكتروني الذي يصل إلى الموقع ويستفيد من خدماته بشكل مباشر أو غير مباشر ، ويشار إليه بالعضو أو الطرف الثاني, ويعتبر هو المسؤول عن محتوى الإعلان مسؤولية كاملة وملتزم بضوابط وشروط المحتوى الموضحة من قبل الموقع ويتحمل تبعات وأضرار محتوى الإعلان.\n\nالعميل: هو الجهة (الفرد أو المؤسسة أو الشركة) التي ينتهي إليه السجل الإلكتروني ، والمستهدفة من قبل المستخدم (منشئ السجل الإلكتروني ). السجل الإلكتروني: هو البيانات التي تنشأ أو تحفظ أو ترسل من قبل المستخدم ( منشئ السجل الإلكتروني ) وتكون على شكل تقديم خدمة أو طلب خدمة او ردود او رسائل خاصة.\n\nشروط الاستخدام\n\nبصفتك طرف ثاني في هذه الاتفاقية فإنه بموافقتك على الاستفادة من خدمات الموقع فعليك الالتزام بما يلي :\nبعدم الإعلان أو تحميل محتوى أو عناصر غير ملائمة للتصنيفات المتاحة في الموقع و المسموح ببيعها. وعليك مراجعة شروط الإعلان و السلع الممنوعة. بعدم الاختراق أو التحايل على قوانين وسياسة وأنظمة الموقع أو أي حقوق تتعلق بطرف ثالث.\nبعدم نسخ الإعلان من مؤسسة تطبيق شجاع للتسويق الإلكتروني وإعادة نشرها في مواقع أخرى.\nبعدم استخدام أي وسيلة غير شرعية للوصول للإعلانات أو لبيانات المستخدمين الآخرين أو انتهاك لسياسة وحقوق مؤسسة موقع حراج للتسويق الإلكتروني،أو الوصول لمحتوى الموقع أو تجميع وتحصيل معلومات وبيانات تخص موقع شجاع أو عملاء الموقع والاستفادة منها بأي شكل من الأشكال أو إعادة نشرها.\nبعدم استخدام خدماتنا إذا كنت غير مؤهل قانونيا لإتمام هذه الاتفاقية. على سبيل المثال أنك أقل من 18 سنة أو أنك محجوب بشكل مؤقت أو دائم من استخدام الموقع.\nبعدم التلاعب بأسعار السلع سواء في البيع او الشراء وإلحاق الضرر بالمستخدمين الآخرين.\nبعدم نشر إعلانات أو تعليقات كاذبة أو غير دقيقة أو مضللة أو خادعة أو قذف ، أو تشهير.\nبعدم التعرض للسياسات أو السيادات الدولية أو الشخصيات المعتبرة أو أي مناقشات لا تتعلق بالبيع والشراء المشروعة في مؤسسة شجاع للتسويق الإلكتروني.\nبعدم نقل حسابك أو نشاطك إلى مواقع اخرى بالوقت الذي هو يحمل شعار أو خدمات المؤسسة .\nبعدم انتهاك حقوق الطبع والنشر والعلامات التجارية، وبراءات الاختراع، والدعاية وقواعد البيانات أو غيرها من حقوق الملكية أو الفكرية التي تنتمي لمؤسسة شجاع للتسويق الإلكتروني أو مرخصة لمؤسسة شجاع للتسويق الإلكتروني.\nبعدم انتهاك حقوق الآخرين الملكية أو الفكرية أو براءة الاختراع.\nبعدم الاعلان عن منتجات التبغ والدخان (هذه السلع تعرضك للحصول على مخالفة من قبل الجهات المختصة)\nبعدم انتهاك أنظمة حقوق الإنسان وبعدم المتاجرة بالأشخاص بأي شكل من الأشكال.\nبعدم انتهاك أنظمة حماية الحياة الفطرية.\nبعدم انتهاك أنظمة حقوق الإنسان أو أنظمة حماية الحياة الفطرية.\nبعدم جمع معلومات عن مستخدمي الموقع الآخرين لأغراض تجارية أو غيرها.\nبعدم الإقدام على أي ما من شأنه إلحاق الضرر بسمعة مؤسسة شجاع للتسويق الإلكتروني.\nبعدم انتحال صفة مؤسسة موقع شجاع للتسويق الإلكتروني أو ممثل لها أو موظف فيها أو أي صفة توحي بأنك تابع للمؤسسة ما لم يكون لديك أذن رسمي من المؤسسة.\n\nإن عدم التزامك بتلك الشروط يمنح مؤسسة شجاع للتسويق الإلكتروني الحق كاملا بحجب عضويتك ومنعك من الوصول للموقع دون الحاجة لإخطارك بذلك وأنت هنا تتعهد بعدم العودة لاستخدام الموقع إلى بعد موافقة الموقع على ذلك.\n\n\n\nشروط العضوية\n\nالعضوية هي: اسم المستخدم الذي سجل به الشخص في موقع شجاع  والتي ترتبط برقم جواله ، ويجب أن تكون خاضعة للشروط التالية:\nيلزم اختيار اسم لائق ومناسب خلال عملية التسجيل.\nيُمنع استخدام اكثر من عضوية في الموقع لكل شخص أو جهة.\nيجب ان تقوم بتحديث رقم جوالك المرتبط بالعضوية في حال تغيير رقم جوالك او فقدانه.\nاذا كان اسم عضويتك يحتوي على اسم تجاري أو علامة تجارية ، يجب ان تكون المالك للعلامة التجارية او مخول لك باستخدام الاسم او العلامة التجارية.\nيمنع بيع العضوية أو التنازل عنها لطرف آخر أو السماح لأي طرف آخر باستخدامها ويتعبر صاحب العضوية الأول هو المسؤول عنها تجاه أي مخالفات أو مسؤوليات قانونية ، وسيعتبر كلا الطرفين في حالة البيع أو التنازل مخالفين لسياسة الاستخدام في موقع شجاع. يلتزم العضو بعدم مشاركة معلومات عضويته الخاصة به مع أي أحد.\nيلتزم \"شجاع\" باتخاذ المعايير اللازمة لحماية البيانات وحفظها، علما بأن شبكة الانترنت ليست وسيلة آمنة بنسبة ١٠٠٪ لحفظ المعلومات السرية. ( راجع وثيقة الخصوصية ).\nتتبادل الخدمة بعض المعلومات مع جهازك لغرض تقديم الخدمة لك.\n\n\nشروط اضافة محتوى للموقع\n\nتتعهد بعدم الإعلان عن أي سلعة ممنوعة بالموقع.\nتتعهد بعدم اضافة أي ردود ممنوعة بالموقع.\nتتعهد بعدم ارسال أي رسائل ممنوعة بالموقع.\nتتعهد بتحديد سعر بيع السلعة المعلن عنها.\nتتعهد بمتابعة إعلانك والرد على استفسارات العملاء من خلال الردود او من خلال الرسائل الخاصة.\nتتعهد بالالتزام بسياسة الإعلانات المكررة.\nيلزم أن تكون المادة الإعلانية المعلن عنها سلعة أو خدمة فقط.\nيجب أن يكون الإعلان كامل التفاصيل وفي القسم الصحيح.\nيحق للموقع حذف أي إعلان من دون ذكر سبب الحذف.\nيُمنع نسخ أي إعلان من الموقع.\nإذا كنت تقدم خدمة أو تبيع سلعة تحتاج تصريح، مثل تقديم خدمات التعقيب، يجب ان يكون لديك التصاريح اللازمة لذلك.\nيُمنع استخدام أي جزء من أي إعلان في الموقع.\nيلتزم المعلن بأن تكون الصور المضافة في الإعلان لنفس السلعة المعلن عنها.\nصور المحتوى يجب أن تكون لائقة أخلاقيا وذات جودة عالية ولا تخالف نظام وزارة العمل أو حقوق الإنسان أو أي جهة حكومية أو خاصة.\nصور المحتوى يجب أن تكون لائقة أخلاقيا وذات جودة عالية ولا تخالف نظام وزارة العمل أو حقوق الإنسان أو أي جهة حكومية أو خاصة.\nيلتزم المعلن بعدم إضافة أكثر من 5 إعلانات في الموقع لنفس السلعة.\nيجب الإلتزام بعدم الإعلان عن السلع والخدمات التي تندرج في قائمة السلع و الخدمات الممنوعة. كما يجب أيضا الالتزام بقائمة الردود الممنوعة و الرسائل الممنوعة.\nتتعهد بعدم الإعلان لشخص لا تعرفه او التسجيل لشخص لا تعرفه.\nيخضع تحديث وتعديل الإعلان لجميع الشروط والضوابط في هذه الاتفاقية ويعتبر المستخدم مسؤول عن أي مخالفات وقعت أثناء إنشاء الإعلان او بعد التحديث او التعديل.\nالإنشاء والتحديث والتعديل مسؤولية المستخدم ( منشئ السجل الإلكتروني ).\nعليك بتحديث الإعلان. إذا لم يحدث المستخدم الإعلان فإنه سيتم حذف الإعلان بشكل تلقائي .',NULL,'2021-04-07 07:09:04'),(6,'page_terms-and-conditions_ar','اتفاقية الاستخدام\n\nمقدمة\n\nإن اتفاقية الاستخدام هذه وخصوصية الاستخدام ، والشروط والبنود ، وجميع السياسات التي تم نشرها على مؤسسة تطبيق شجاع للتسويق الإلكتروني وضعت لحماية وحفظ حقوق كل من ( مؤسسة تطبيق شجاع للتسويق الإلكتروني ) و ( المستخدم الذي يصل إلى الموقع بتسجيل او من دون تسجيل )أو ( العميل المستفيد من الإعلانات بتسجيل أو من دون تسجيل).\n\nتم إنشاء الاتفاقية بناء على نظام التعاملات الإلكترونية. تخضع البنود والشروط والأحكام والمنازعات القانونية للقوانين والتشريعات والأنظمة المعمول بها في المملكة العربية السعودية.\n\nلكونك مستخدم فأنك توافق على الالتزام بكل ما يرد بهذه الاتفاقية في حال استخدامك للموقع او في حال الوصول اليه او في حالة التسجيل في الخدمة. يحق لموقع حراج التعديل على هذه الاتفاقية في أي وقت وتعتبر ملزمة لجميع الأطراف بعد الإعلان عن التحديث في الموقع أو في أي وسيلة آخرى.\n\nتعريف\n\nمؤسسة تطبيق شجاع للتسويق الإلكتروني هي الجهة المالكة لموقع شجاع ، مؤسسة سعودية ١٠٠ ٪ مقرها الرئيسي الرياض وهي منصة الكترونية تمكن المستخدم (منشئ السجل الإلكتروني ) من فتح محل إلكتروني لتقديم خدماته وإيصالها للعميل المستهدف (مستقبل السجل الإلكتروني ) وفق شروط وضوابط محددة وتحت مسؤوليته. ويشار إليها بهذه الاتفاقية باسم ( مؤسسة تطبيق شجاع   للتسويق الإلكتروني ) أو ( نحن ) أو ( لنا ) أو ( تطبيق شجاع ) ، وتمثل هنا الطرف الأول.\n\nالمستخدم هو ( الفرد او المؤسسة أو الشركة ) المنشئ للسجل الإلكتروني الذي يصل إلى الموقع ويستفيد من خدماته بشكل مباشر أو غير مباشر ، ويشار إليه بالعضو أو الطرف الثاني, ويعتبر هو المسؤول عن محتوى الإعلان مسؤولية كاملة وملتزم بضوابط وشروط المحتوى الموضحة من قبل الموقع ويتحمل تبعات وأضرار محتوى الإعلان.\n\nالعميل: هو الجهة (الفرد أو المؤسسة أو الشركة) التي ينتهي إليه السجل الإلكتروني ، والمستهدفة من قبل المستخدم (منشئ السجل الإلكتروني ). السجل الإلكتروني: هو البيانات التي تنشأ أو تحفظ أو ترسل من قبل المستخدم ( منشئ السجل الإلكتروني ) وتكون على شكل تقديم خدمة أو طلب خدمة او ردود او رسائل خاصة.\n\nشروط الاستخدام\n\nبصفتك طرف ثاني في هذه الاتفاقية فإنه بموافقتك على الاستفادة من خدمات الموقع فعليك الالتزام بما يلي :\nبعدم الإعلان أو تحميل محتوى أو عناصر غير ملائمة للتصنيفات المتاحة في الموقع و المسموح ببيعها. وعليك مراجعة شروط الإعلان و السلع الممنوعة. بعدم الاختراق أو التحايل على قوانين وسياسة وأنظمة الموقع أو أي حقوق تتعلق بطرف ثالث.\nبعدم نسخ الإعلان من مؤسسة تطبيق شجاع للتسويق الإلكتروني وإعادة نشرها في مواقع أخرى.\nبعدم استخدام أي وسيلة غير شرعية للوصول للإعلانات أو لبيانات المستخدمين الآخرين أو انتهاك لسياسة وحقوق مؤسسة موقع حراج للتسويق الإلكتروني،أو الوصول لمحتوى الموقع أو تجميع وتحصيل معلومات وبيانات تخص موقع شجاع أو عملاء الموقع والاستفادة منها بأي شكل من الأشكال أو إعادة نشرها.\nبعدم استخدام خدماتنا إذا كنت غير مؤهل قانونيا لإتمام هذه الاتفاقية. على سبيل المثال أنك أقل من 18 سنة أو أنك محجوب بشكل مؤقت أو دائم من استخدام الموقع.\nبعدم التلاعب بأسعار السلع سواء في البيع او الشراء وإلحاق الضرر بالمستخدمين الآخرين.\nبعدم نشر إعلانات أو تعليقات كاذبة أو غير دقيقة أو مضللة أو خادعة أو قذف ، أو تشهير.\nبعدم التعرض للسياسات أو السيادات الدولية أو الشخصيات المعتبرة أو أي مناقشات لا تتعلق بالبيع والشراء المشروعة في مؤسسة شجاع للتسويق الإلكتروني.\nبعدم نقل حسابك أو نشاطك إلى مواقع اخرى بالوقت الذي هو يحمل شعار أو خدمات المؤسسة .\nبعدم انتهاك حقوق الطبع والنشر والعلامات التجارية، وبراءات الاختراع، والدعاية وقواعد البيانات أو غيرها من حقوق الملكية أو الفكرية التي تنتمي لمؤسسة شجاع للتسويق الإلكتروني أو مرخصة لمؤسسة شجاع للتسويق الإلكتروني.\nبعدم انتهاك حقوق الآخرين الملكية أو الفكرية أو براءة الاختراع.\nبعدم الاعلان عن منتجات التبغ والدخان (هذه السلع تعرضك للحصول على مخالفة من قبل الجهات المختصة)\nبعدم انتهاك أنظمة حقوق الإنسان وبعدم المتاجرة بالأشخاص بأي شكل من الأشكال.\nبعدم انتهاك أنظمة حماية الحياة الفطرية.\nبعدم انتهاك أنظمة حقوق الإنسان أو أنظمة حماية الحياة الفطرية.\nبعدم جمع معلومات عن مستخدمي الموقع الآخرين لأغراض تجارية أو غيرها.\nبعدم الإقدام على أي ما من شأنه إلحاق الضرر بسمعة مؤسسة شجاع للتسويق الإلكتروني.\nبعدم انتحال صفة مؤسسة موقع شجاع للتسويق الإلكتروني أو ممثل لها أو موظف فيها أو أي صفة توحي بأنك تابع للمؤسسة ما لم يكون لديك أذن رسمي من المؤسسة.\n\nإن عدم التزامك بتلك الشروط يمنح مؤسسة شجاع للتسويق الإلكتروني الحق كاملا بحجب عضويتك ومنعك من الوصول للموقع دون الحاجة لإخطارك بذلك وأنت هنا تتعهد بعدم العودة لاستخدام الموقع إلى بعد موافقة الموقع على ذلك.\n\n\n\nشروط العضوية\n\nالعضوية هي: اسم المستخدم الذي سجل به الشخص في موقع شجاع  والتي ترتبط برقم جواله ، ويجب أن تكون خاضعة للشروط التالية:\nيلزم اختيار اسم لائق ومناسب خلال عملية التسجيل.\nيُمنع استخدام اكثر من عضوية في الموقع لكل شخص أو جهة.\nيجب ان تقوم بتحديث رقم جوالك المرتبط بالعضوية في حال تغيير رقم جوالك او فقدانه.\nاذا كان اسم عضويتك يحتوي على اسم تجاري أو علامة تجارية ، يجب ان تكون المالك للعلامة التجارية او مخول لك باستخدام الاسم او العلامة التجارية.\nيمنع بيع العضوية أو التنازل عنها لطرف آخر أو السماح لأي طرف آخر باستخدامها ويتعبر صاحب العضوية الأول هو المسؤول عنها تجاه أي مخالفات أو مسؤوليات قانونية ، وسيعتبر كلا الطرفين في حالة البيع أو التنازل مخالفين لسياسة الاستخدام في موقع شجاع. يلتزم العضو بعدم مشاركة معلومات عضويته الخاصة به مع أي أحد.\nيلتزم \"شجاع\" باتخاذ المعايير اللازمة لحماية البيانات وحفظها، علما بأن شبكة الانترنت ليست وسيلة آمنة بنسبة ١٠٠٪ لحفظ المعلومات السرية. ( راجع وثيقة الخصوصية ).\nتتبادل الخدمة بعض المعلومات مع جهازك لغرض تقديم الخدمة لك.\n\n\nشروط اضافة محتوى للموقع\n\nتتعهد بعدم الإعلان عن أي سلعة ممنوعة بالموقع.\nتتعهد بعدم اضافة أي ردود ممنوعة بالموقع.\nتتعهد بعدم ارسال أي رسائل ممنوعة بالموقع.\nتتعهد بتحديد سعر بيع السلعة المعلن عنها.\nتتعهد بمتابعة إعلانك والرد على استفسارات العملاء من خلال الردود او من خلال الرسائل الخاصة.\nتتعهد بالالتزام بسياسة الإعلانات المكررة.\nيلزم أن تكون المادة الإعلانية المعلن عنها سلعة أو خدمة فقط.\nيجب أن يكون الإعلان كامل التفاصيل وفي القسم الصحيح.\nيحق للموقع حذف أي إعلان من دون ذكر سبب الحذف.\nيُمنع نسخ أي إعلان من الموقع.\nإذا كنت تقدم خدمة أو تبيع سلعة تحتاج تصريح، مثل تقديم خدمات التعقيب، يجب ان يكون لديك التصاريح اللازمة لذلك.\nيُمنع استخدام أي جزء من أي إعلان في الموقع.\nيلتزم المعلن بأن تكون الصور المضافة في الإعلان لنفس السلعة المعلن عنها.\nصور المحتوى يجب أن تكون لائقة أخلاقيا وذات جودة عالية ولا تخالف نظام وزارة العمل أو حقوق الإنسان أو أي جهة حكومية أو خاصة.\nصور المحتوى يجب أن تكون لائقة أخلاقيا وذات جودة عالية ولا تخالف نظام وزارة العمل أو حقوق الإنسان أو أي جهة حكومية أو خاصة.\nيلتزم المعلن بعدم إضافة أكثر من 5 إعلانات في الموقع لنفس السلعة.\nيجب الإلتزام بعدم الإعلان عن السلع والخدمات التي تندرج في قائمة السلع و الخدمات الممنوعة. كما يجب أيضا الالتزام بقائمة الردود الممنوعة و الرسائل الممنوعة.\nتتعهد بعدم الإعلان لشخص لا تعرفه او التسجيل لشخص لا تعرفه.\nيخضع تحديث وتعديل الإعلان لجميع الشروط والضوابط في هذه الاتفاقية ويعتبر المستخدم مسؤول عن أي مخالفات وقعت أثناء إنشاء الإعلان او بعد التحديث او التعديل.\nالإنشاء والتحديث والتعديل مسؤولية المستخدم ( منشئ السجل الإلكتروني ).\nعليك بتحديث الإعلان. إذا لم يحدث المستخدم الإعلان فإنه سيتم حذف الإعلان بشكل تلقائي .',NULL,'2021-04-07 07:09:22'),(7,'social_facebook','https://www.facebook.com/',NULL,NULL),(8,'social_twitter','https://twitter.com/brave_2022/status/1267541670641442825?s=21',NULL,'2021-02-28 21:09:29'),(9,'social_instagram','https://www.instagram.com/p/CMUYSslnR4Y/?igshid=f8ba77ak1sgy',NULL,'2021-03-13 16:46:09'),(10,'social_youtube','https://youtube.com/shorts/DmEXvng0Z0U',NULL,'2021-03-13 16:28:50'),(11,'social_whatsapp','https://api.whatsapp.com/send?phone=9660507854988.',NULL,'2021-02-28 21:06:02'),(12,'social_snapchat','https://www.snapchat.com/add/brave2022',NULL,'2021-02-28 21:04:47'),(13,'social_phone','0507854988',NULL,'2021-02-28 21:07:22'),(14,'social_gmail','aaa8513@gmail.com',NULL,'2021-02-28 21:09:59');
/*!40000 ALTER TABLE `settings` ENABLE KEYS */;
UNLOCK TABLES;

--
-- Table structure for table `shops`
--

DROP TABLE IF EXISTS `shops`;
/*!40101 SET @saved_cs_client     = @@character_set_client */;
/*!50503 SET character_set_client = utf8mb4 */;
CREATE TABLE `shops` (
  `id` bigint unsigned NOT NULL AUTO_INCREMENT,
  `name` varchar(191) COLLATE utf8mb4_unicode_ci NOT NULL,
  `bio` varchar(191) COLLATE utf8mb4_unicode_ci NOT NULL,
  `image` varchar(191) COLLATE utf8mb4_unicode_ci DEFAULT NULL,
  `code` int NOT NULL,
  `coupon_limit` int DEFAULT NULL,
  `latitude` double DEFAULT NULL,
  `longitude` double DEFAULT NULL,
  `user_id` bigint unsigned NOT NULL,
  `category_id` bigint unsigned NOT NULL,
  `rating` double DEFAULT NULL,
  `city_id` bigint unsigned NOT NULL,
  `verified` tinyint(1) NOT NULL DEFAULT '0',
  `created_at` timestamp NULL DEFAULT NULL,
  `updated_at` timestamp NULL DEFAULT NULL,
  PRIMARY KEY (`id`),
  KEY `shops_user_id_index` (`user_id`),
  KEY `shops_category_id_index` (`category_id`),
  KEY `shops_city_id_index` (`city_id`),
  CONSTRAINT `shops_category_id_foreign` FOREIGN KEY (`category_id`) REFERENCES `categories` (`id`) ON DELETE CASCADE,
  CONSTRAINT `shops_city_id_foreign` FOREIGN KEY (`city_id`) REFERENCES `cities` (`id`) ON DELETE CASCADE,
  CONSTRAINT `shops_user_id_foreign` FOREIGN KEY (`user_id`) REFERENCES `users` (`id`) ON DELETE CASCADE
) ENGINE=InnoDB AUTO_INCREMENT=28 DEFAULT CHARSET=utf8mb4 COLLATE=utf8mb4_unicode_ci;
/*!40101 SET character_set_client = @saved_cs_client */;

--
-- Dumping data for table `shops`
--

LOCK TABLES `shops` WRITE;
/*!40000 ALTER TABLE `shops` DISABLE KEYS */;
INSERT INTO `shops` VALUES (4,'قهوه عربيه','خصم على اجمالي الفاتوره 5٪','shops/shop-1614493627-603b37bbbc6931.90628328image_pick.jpg',1111,99,26.43965069462579,43.820808716118336,23,5,5,30,1,'2021-02-28 06:27:07','2021-02-28 13:36:34'),(5,'البيك','وجبه الثانية مجانا','shops/shop-1614501528-603b56982add69.55063399image_pick.jpg',1111,99,26.4966240900291,43.62890236079693,26,4,4,30,1,'2021-02-28 08:38:48','2021-02-28 13:43:36'),(6,'بيت نوفا','اشتر وجبتين والثالثة مجانا','shops/shop-1614514849-603b8aa1483031.03611056image_pick.jpg',1111,99,26.528836301825994,43.64028733223677,27,4,NULL,30,1,'2021-02-28 12:20:49','2021-02-28 12:21:41'),(7,'فندق الرياض','ثلاث ليال والرابعة مجانا','shops/shop-1614529974-603bc5b676fea2.44862485image_pick.jpg',1111,99,26.535903790387188,43.60824767500162,28,3,NULL,30,1,'2021-02-28 16:32:54','2021-02-28 16:34:14'),(8,'متجر نوف','اطلب طبق حلا والثاني مجاناً','shops/shop-1614548243-603c0d13a8a159.16159327image_pick.jpg',1111,99,26.43420930462835,43.87724071741104,29,2,4,30,1,'2021-02-28 21:37:23','2021-02-28 21:39:04'),(9,'كفي النواف','خصم 10%','',1111,99,26.471951196942324,43.64820118993521,35,5,NULL,30,1,'2021-03-01 14:09:49','2021-03-01 14:10:21'),(10,'متجرالود للعطور','اشتر واحد والثاني مجاناً','shops/shop-1614615087-603d122f771ee8.62548885image_pick.png',1111,11,26.524467985710036,43.686399199068546,36,1,4,30,1,'2021-03-01 16:11:27','2021-03-01 16:15:01'),(11,'مطعم ديرتي','فاتورتك اكثر من 100 ريال وجبه مجانا','shops/shop-1614709582-603e834e33fc66.93044152image_pick.jpg',1111,19,24.73664306754345,46.83781608939171,37,4,4,28,1,'2021-03-02 18:26:22','2021-03-02 18:27:52'),(12,'اركان الامل','محل جوالات لبيع وشراء الجوالات','',6585,99,24.70806473649954,46.841680482029915,44,12,NULL,28,1,'2021-03-03 16:55:30','2021-03-03 16:55:46'),(13,'الشلوي','للبيع جميع اجهزة الجوال','shops/shop-1614793839-603fcc6faab671.68338071image_pick.jpg',5236,99,24.708936445357658,46.84261053800583,45,12,NULL,28,1,'2021-03-03 17:50:39','2021-03-03 17:50:54'),(14,'معرض الخليج','توفر لدينا جميع انواع السيارات الجديده والمستعمله نقل المكليه مجانا','shops/shop-1614853733-6040b665f05e15.67911736image_pick.jpg',1111,99,24.813157533811726,46.833738796412945,47,7,NULL,28,1,'2021-03-04 10:28:54','2021-03-04 10:33:47'),(15,'مركزالجمال النسائي','خصم 25٪','shops/shop-1614855757-6040be4d912667.60871698image_pick.jpg',1111,99,24.593885244498438,46.85141455382109,48,11,5,28,1,'2021-03-04 11:02:37','2021-03-14 06:35:32'),(16,'صالون النايفه','خصم يصل على  جميع المنتجات 30٪','shops/shop-1614856116-6040bfb4c2d515.79841818image_pick.png',1111,99,24.755399252861412,46.81883879005909,49,11,NULL,28,1,'2021-03-04 11:08:37','2021-03-04 11:26:50'),(17,'مكتب الرياض العقاري','لدينا العديد من العروض الفلل السكنيه والاراضي','shops/shop-1614860075-6040cf2bbc54f3.56066136image_pick.jpg',1111,66,24.885716276612854,46.61331217736006,50,6,NULL,28,1,'2021-03-04 12:14:35','2021-03-04 12:14:46'),(18,'عبدالله محمدالحامد لبيع السيارات','اوفر السيارات المستعمله حسب رغبتك بسعر حسب ميزانيك','shops/shop-1614860838-6040d226f04099.86080109image_pick.jpg',1111,99,24.82132775020152,46.831306368112564,51,7,NULL,28,1,'2021-03-04 12:27:19','2021-03-04 12:27:32'),(19,'مكتب العارض العقاري','عرض وبيع جميع انواع الاراضي والوحدات السكنيه  (جوال 058888902)','shops/shop-1614863137-6040db2172c661.06933715image_pick.jpg',1111,99,24.890167364132243,46.59843195229769,52,6,NULL,28,1,'2021-03-04 13:05:37','2021-03-04 13:05:50'),(20,'مكتب النهار العقاري','شقق وفلل تمليك اقساد','shops/shop-1614946336-60422020d7fa81.88941801image_pick.jpg',3333,99,25.168132915954,46.335843689739704,55,6,NULL,28,1,'2021-03-05 12:12:16','2021-03-05 12:12:47'),(21,'عالم الشواحن  للاتصالات','توصيل  جميع  مايخص جوالك  داخل الرياض مجاني','shops/shop-1615035556-60437ca49ec2f4.36525638image_pick.jpg',1111,15,24.81598832159555,46.79798696190119,56,12,NULL,28,1,'2021-03-06 12:59:16','2021-03-06 21:01:10'),(22,'شورما عربي','وجبه والثانيه مجانا','',6666,66,24.762502838759346,46.70554529875517,58,4,NULL,28,1,'2021-03-06 21:03:13','2021-03-06 21:03:24'),(23,'اشكال وألوان','متجر متنوعه اشكال وألوان','shops/shop-1615124807-6044d947b7ca45.72398719image_pick.jpg',4669,5,24.56672079200583,46.63511015474796,60,2,5,28,1,'2021-03-07 13:43:23','2021-03-07 18:53:23'),(24,'العود','مجانا  ١_٢','',8555,88,25.043188163711527,46.40698626637459,64,10,NULL,27,1,'2021-03-11 16:25:39','2021-03-11 16:26:38'),(25,'عطور ‏m7','بيع عطور وتصاميم','shops/shop-1615661735-604d0aa7e3d414.40424913image_pick.jpg',20,20,21.38069440551132,39.793570786714554,77,1,NULL,25,1,'2021-03-13 18:55:36','2021-03-13 19:13:01'),(26,'البيت الجنوبي للمنتجات الشعبيه','البيت الجنوبي للمنتجات الشعبيه','shops/shop-1615694768-604d8bb0d26e01.67871802image_pick.jpg',5,10,21.553481717544773,39.96179658919573,96,2,5,25,1,'2021-03-14 04:06:08','2021-03-14 07:29:16'),(27,'‏ToP  ONe ‏','توب ون لبيع وصيانه الهواتف المحموله والبرمجه المتقدمه','shops/shop-1615720565-604df07593a9c8.33160795image_pick.jpg',160,5,19.461627010263083,41.79399814456701,101,12,NULL,25,1,'2021-03-14 11:16:05','2021-03-14 14:24:17');
/*!40000 ALTER TABLE `shops` ENABLE KEYS */;
UNLOCK TABLES;

--
-- Table structure for table `users`
--

DROP TABLE IF EXISTS `users`;
/*!40101 SET @saved_cs_client     = @@character_set_client */;
/*!50503 SET character_set_client = utf8mb4 */;
CREATE TABLE `users` (
  `id` bigint unsigned NOT NULL AUTO_INCREMENT,
  `confirm_code` varchar(191) COLLATE utf8mb4_unicode_ci DEFAULT NULL,
  `name` varchar(191) COLLATE utf8mb4_unicode_ci NOT NULL,
  `phone` varchar(191) COLLATE utf8mb4_unicode_ci NOT NULL,
  `password` varchar(191) COLLATE utf8mb4_unicode_ci NOT NULL,
  `email` varchar(191) COLLATE utf8mb4_unicode_ci NOT NULL,
  `request_confirm_code_date` timestamp NULL DEFAULT NULL,
  `latitude` double DEFAULT NULL,
  `longitude` double DEFAULT NULL,
  `email_verified_at` timestamp NULL DEFAULT NULL,
  `request_new_email` varchar(191) COLLATE utf8mb4_unicode_ci DEFAULT NULL,
  `device_id` text COLLATE utf8mb4_unicode_ci,
  `lang` varchar(191) COLLATE utf8mb4_unicode_ci NOT NULL DEFAULT 'ar',
  `role` varchar(191) COLLATE utf8mb4_unicode_ci NOT NULL DEFAULT 'user' COMMENT 'user|shop',
  `remember_token` varchar(100) COLLATE utf8mb4_unicode_ci DEFAULT NULL,
  `created_at` timestamp NULL DEFAULT NULL,
  `updated_at` timestamp NULL DEFAULT NULL,
  PRIMARY KEY (`id`),
  UNIQUE KEY `users_email_unique` (`email`)
) ENGINE=InnoDB AUTO_INCREMENT=128 DEFAULT CHARSET=utf8mb4 COLLATE=utf8mb4_unicode_ci;
/*!40101 SET character_set_client = @saved_cs_client */;

--
-- Dumping data for table `users`
--

LOCK TABLES `users` WRITE;
/*!40000 ALTER TABLE `users` DISABLE KEYS */;
INSERT INTO `users` VALUES (1,NULL,'Carlie Kiehn','1-269-297-2915','$2y$10$pFF4KhtgQz6rfOEPTUh.eeXqXW4SXjBBgqC16TteiNq2CRmSjhUb6','brice.muller@hotmail.com',NULL,2604958.31492,570162014,NULL,NULL,'0','ar','user',NULL,'2021-02-24 13:25:51','2021-02-24 13:25:51'),(2,NULL,'Otho Gleichner','+1-828-408-0810','$2y$10$wfE6l01.noovnJin75Pc6eH9sezCTweUl6n9LtZUNxiDJapSW8yKi','madaline.howe@hotmail.com',NULL,65286049.864779,161407.4068894,NULL,NULL,'0','ar','user',NULL,'2021-02-24 13:25:51','2021-02-24 13:25:51'),(3,NULL,'Stefanie Hirthe','398.243.7769','$2y$10$o5qEP1hVCubaYm1v2YZPZOKh5mGvHw06Tqih6QA8oOw32VXlo2One','mkonopelski@hotmail.com',NULL,17450.12,2.6943,NULL,NULL,'0','ar','user',NULL,'2021-02-24 13:25:51','2021-02-24 13:25:51'),(4,NULL,'Olen Beahan','+1.252.479.9501','$2y$10$xsPYDyNFUGvNl8.YvZJhkuM3wdUNUYay8bt/2TuA80b/je0CDuRXi','joshua.schowalter@bartell.biz',NULL,48819844.473,5055,NULL,NULL,'0','ar','user',NULL,'2021-02-24 13:25:51','2021-02-24 13:25:51'),(5,NULL,'Katarina Little','+1-406-314-7174','$2y$10$w4c1mcHvjEcK6yYzL2hQr.yHR1160C4DZlMTjhxx2720Ng7wSWim2','mohr.zoie@gmail.com',NULL,54888,619474,NULL,NULL,'0','ar','user',NULL,'2021-02-24 13:25:51','2021-02-24 13:25:51'),(6,NULL,'Junior Rodriguez','591-496-4058','$2y$10$af5KuuY1XuwDNSR2b.FiIe3qXfTSRJeHui2Nec8EP098HK0IixwIm','royce00@hotmail.com',NULL,3566.74269,37.024946,NULL,NULL,'0','ar','user',NULL,'2021-02-24 13:25:51','2021-02-24 13:25:51'),(7,NULL,'Ms. Coralie Wiza I','1-401-812-6756','$2y$10$pnv4GWkkE/d5WbxCN62xneTX8igC3ctxjDCEeaO7wBIH.R8Mp/Sr6','reanna.turcotte@gmail.com',NULL,4401737.0819,175.040891,NULL,NULL,'0','ar','user',NULL,'2021-02-24 13:25:51','2021-02-24 13:25:51'),(8,NULL,'Tyrel Kovacek','989-984-9917','$2y$10$.QFzP765zt8rOUpkiTxaQ.na//yE6nzMgln2eo.mGSD6mfHisEZTO','ymueller@jacobson.com',NULL,105639.916,85803.361859,NULL,NULL,'0','ar','user',NULL,'2021-02-24 13:25:51','2021-02-24 13:25:51'),(9,NULL,'Kathlyn Gibson PhD','646.947.4046','$2y$10$7NL5YOO7NVpeuFRfigHC4OsVXI.Ruxi9Eezz/gq4bd44KN75MrBQS','zkemmer@yahoo.com',NULL,9996783.3087342,1444699.2419998,NULL,NULL,'0','ar','user',NULL,'2021-02-24 13:25:51','2021-02-24 13:25:51'),(10,NULL,'Dr. Santa Macejkovic Jr.','+1.951.608.6047','$2y$10$RBfeNa2jsTqRJyrrWsfKiu8s8UNJPzEx9ub1xbHdanSevpqaWhdIK','mills.norwood@yahoo.com',NULL,1.6,10281.6052,NULL,NULL,'0','ar','user',NULL,'2021-02-24 13:25:51','2021-02-24 13:25:51'),(11,NULL,'Madison Corkery','1-319-266-8084','$2y$10$MFZsH2fKZjw6bEDkOtmxcuIoFnAc6djdDgLo2xss.EsiKpbk6BJp6','martine.kuhn@gmail.com',NULL,29291.416718,9.0123699,NULL,NULL,'0','ar','user',NULL,'2021-02-24 13:25:51','2021-02-24 13:25:51'),(12,NULL,'Mr. Kenton Kovacek Jr.','207.425.9024','$2y$10$37S0JRLawAtnbhxsqFW06OtUm9HlxMpw4y/HBhkySE4ykQp3Gl5dC','mfarrell@hotmail.com',NULL,236882.71140159,2674.473637,NULL,NULL,'0','ar','user',NULL,'2021-02-24 13:25:51','2021-02-24 13:25:51'),(13,NULL,'Adell Spinka','258-660-6629','$2y$10$SUPRj72n8QAKcT0sjB.Ri.CDZY0/aEIApDXa5oulr3yOh38/k4zvy','spredovic@gmail.com',NULL,267.87298,1985942.48966,NULL,NULL,'0','ar','user',NULL,'2021-02-24 13:25:51','2021-02-24 13:25:51'),(14,NULL,'Daniella Parisian','1-728-991-4958','$2y$10$aBs6jcwo5hotPzp9ikcyCukcF4eHOBvT44S6NdCBc9poFMVZ3z4Cu','else19@gmail.com',NULL,112.4,16.844,NULL,NULL,'0','ar','user',NULL,'2021-02-24 13:25:51','2021-02-24 13:25:51'),(15,NULL,'Rosemarie Williamson','362-827-9902','$2y$10$Q8KGgcFriJ5B5hzWP8e/YOaF.ayRHzeNjNjcdL8AP66bdBIbalx8C','mafalda10@keeling.info',NULL,744.7,2.29071871,NULL,NULL,'0','ar','user',NULL,'2021-02-24 13:25:51','2021-02-24 13:25:51'),(16,NULL,'Savanna O\'Hara','(337) 654-8134','$2y$10$tC.9cTvKu08sv.adAHHQxuAHzwMkAU3sEyVSlWIew89FGlcGsIV1u','wintheiser.janice@blick.com',NULL,2704.4,12028.34769812,NULL,NULL,'0','ar','user',NULL,'2021-02-24 13:25:51','2021-02-24 13:25:51'),(17,NULL,'Violette Trantow','1-413-681-6750','$2y$10$lKyCbu.oaD9QzDi1M6G2cOepu0ri6Ys1qDvep5RAu4e2sVOu3Xw0u','ruecker.mara@runte.com',NULL,79704.8475,17148035.5666,NULL,NULL,'0','ar','user',NULL,'2021-02-24 13:25:51','2021-02-24 13:25:51'),(18,NULL,'Sydney Schaefer','+1 (716) 620-4693','$2y$10$r52uVLJSq4QNIJHob.0wduDLQZJbSmUlaKnL6VQlLQv/eOpJ27a52','hauck.korbin@dicki.com',NULL,65217745.042587,36.6037757,NULL,NULL,'0','ar','user',NULL,'2021-02-24 13:25:51','2021-02-24 13:25:51'),(19,NULL,'Ena Rohan','+1-341-588-6738','$2y$10$W/3y9.nX1RY0cwDxsrNB0uvB6AfWKd0/.7LrpVen0oKmugb08wQ5O','fay.lillian@gmail.com',NULL,4496138.685,654870.72508,NULL,NULL,'0','ar','user',NULL,'2021-02-24 13:25:51','2021-02-24 13:25:51'),(20,NULL,'Isobel Schmitt Sr.','+1-881-353-3255','$2y$10$xHOm/hm/buJHcXePMyDiIeyWlpnHCEejugpA.aY83hJf4DY/awkdO','reanna25@gmail.com',NULL,8755.803052,295223836.195,NULL,NULL,'0','ar','user',NULL,'2021-02-24 13:25:51','2021-02-24 13:25:51'),(21,NULL,'adham3','+966123456789','$2y$10$1iCULjanSrDSqkOFacRlSeUnySDV1vbg7bo.3LmciIip7lKM05pQ2','adham3@gmail.com',NULL,31.22944,29.956681,'2021-02-24 13:31:03',NULL,'f0dXPy_VrUWvqcbDCTYY1N:APA91bGX5knZH7F9JYIuAO1IpVO9kpi1sXLKrPIyD-pesbi_-oxulrADWCjhR_XzZ5EbjTArrgr567YBdy6xvB--KSO-JkDJnnaRHgGE1U8rJluVKBcZbZYsuDMOfJIzqjsmK6UFoxeY','ar','user',NULL,'2021-02-24 13:31:03','2021-02-27 21:09:40'),(22,NULL,'علي عععع','+966050000000','$2y$10$E1772d0JQDs9uZzjVdhjFO7WJez4lFql3uvvaVLk6HgPILN24ctfq','aaak@gmail.com',NULL,26.4730202,43.6487965,'2021-02-27 13:33:07',NULL,'dzizeuVVTHiqjTX6oqy3GO:APA91bG9QaKYQ2QHxc9-QAgJR3A7R4HTZyC4qCzJNXYk7uwOMrKdq482ArwwGIZyJ5syheNkvdzzS9sLa5NZDJzqqpQXzKJkJ1360H3jaqRzeIT9lxo65JgX_p1W5WwCvef0MhVqKhAo','ar','user',NULL,'2021-02-27 13:33:07','2021-02-27 13:33:22'),(23,NULL,'aillllll','+966050000000','$2y$10$v0sBwt7r4iXyIYosKq/yhO4.7vL/7G16PGz2lcqEPjfOwMYIvVGSS','a@gmail.com',NULL,26.43019052978744,43.85553234003795,'2021-02-28 06:23:55',NULL,NULL,'ar','shop',NULL,'2021-02-28 06:23:55','2021-02-28 21:30:35'),(24,NULL,'سلطان فهد','+966٠٥٩٩٩٩٩٩٩','$2y$10$nt9hwz/IIbFzqrpsovw6FumTjCSVAmUBpmxzOJ4.7xNOen2gVS20i','as@gmail.com',NULL,NULL,NULL,'2021-02-28 08:10:52',NULL,'e7xs4vaj_kpGncPcBh6v-g:APA91bH4PtRj9NjaLbZN92Pgl-AsHIkZvO4MxQ5LgIaoY4-f22SyPD8GIc-EmS_i8qoY0Q_jQbPJILX1zyI91OSk5BzYgOHqudaxoeJwREyuoCTWLXD4FGeg-fzLyRa6jTfYOH14Igg5','ar','user',NULL,'2021-02-28 08:10:52','2021-02-28 08:10:52'),(25,NULL,'hhhyuuuu','+966050000000','$2y$10$EOUitHOZxInVbPaafX8pqODJ4CHlXl7SglBDVPwz8d0yp8GzK6WOy','ass@gmail.con',NULL,NULL,NULL,'2021-02-28 08:22:13',NULL,'egynOM8Qn0lvv-Hee0nZwB:APA91bFoRwzWn9_9R7BPEoWS0A3rm7w1_-3dF85JLcjEUsd1TADZp_gDrzBCDyStAMFZbtnn0eiT8WCeg4IAxrje9mac-TQo5cMf6aiStg4MyiEff140lsNW5daCvSkGo17UOMIn_kPf','ar','user',NULL,'2021-02-28 08:22:13','2021-02-28 08:22:13'),(26,NULL,'lllllllllhg','+966058888888','$2y$10$hIyD3zpzpEosEE0EJrD13u.CXlR1u9YnqC6E.4HBuJt24Hl1pMCo.','asd@Gmail.com',NULL,24.662731508899924,46.874656631579064,'2021-02-28 08:34:54',NULL,'d975h5JUU0jEsClVe3Jc8f:APA91bEcEMOIoiKxaidye0IXt7bwzJt9Jp-2uOroC4v5388qrPFlSR-hL-6hGOmFlI7de6QiDV5CyTsNP50cBZ0XdnY_H40dZCziWTZV5S-6TiBiwI0cRGFqYH_T8B1dl-AtouITvlXu','ar','shop',NULL,'2021-02-28 08:34:54','2021-03-03 10:00:03'),(27,NULL,'askkkko','+966059999999','$2y$10$bbxSjRjdI2rnQiRB8bS4BO8BR5bsfXjQe2svfk.9cSH/sMN68eiQW','asdf@gmail.com',NULL,NULL,NULL,'2021-02-28 12:14:55',NULL,'czUiUXq5zkwRpodJcG653W:APA91bHqDsQTmET2baxyymnK3YpWYm7r6BCptUBtjK03mKKo9nGuG6aRbTJB4bqf0bjHK4pOw0GCpQjHUt6QAhcph2ggbEWz4Zf1yQiksbTwdjlXi19k4yCA6C8V3tO7cJqDxz-A1WY4','ar','shop',NULL,'2021-02-28 12:14:55','2021-02-28 12:20:49'),(28,NULL,'عبدالله عبدان','+966059999999','$2y$10$.UqNU3H7P5nBFgjGO4DA/uhI0lp82Pcckfin9R3LFu0wjLomC1M8K','aqws@Gmail.com',NULL,NULL,NULL,'2021-02-28 16:27:23',NULL,NULL,'ar','shop',NULL,'2021-02-28 16:27:23','2021-02-28 20:05:44'),(29,NULL,'نوروووف','+966588888888','$2y$10$PVkjMltourE3ciNvUdH9p.of637wmmQTHjcYSMXcNbFHuwnC6Yzpi','zxc@gmail.com',NULL,26.47307421282818,43.64876680104533,'2021-02-28 21:30:35',NULL,NULL,'ar','shop',NULL,'2021-02-28 21:30:35','2021-03-01 15:57:15'),(30,NULL,'ابوعمر','+966050531524','$2y$10$aa4oTKeWh.iaAcndoQAc/Oe/CedPEVmkkJ38Lvkd.BBJ2Vb19hZna','a0505315242@gmail.com',NULL,24.4155102,39.64869,'2021-03-01 07:20:38',NULL,'fEZl6LIkQ86Qt6KTgjL4A9:APA91bGdM3ZQwJL-aTL6YKIanrW7o3CJ5zB1PYobwg2hNxBeD2LaenQwzb9z9fh2sTon3N3nRt8DSvMcdP4Crw7mzNUcMvr2B_cSaFqSTxwWzmYS_dkKi-ZFWEmJQl12xIi1WlwettZr','ar','user',NULL,'2021-03-01 07:20:38','2021-03-05 12:03:14'),(31,NULL,'علاء عبدالحي','+966٥٠٩٣٧٩٩٣٨','$2y$10$5DUfWe/JcOcBcp2ND1IGaunlBTrJHA9MoHhZq5g.iEwfoLJLAubzm','pppppp_666@windowslive.com',NULL,24.09222330591357,38.040006393293375,'2021-03-01 10:30:53',NULL,'fbPX7NejXkBGrkPkEZLFlE:APA91bHGCjpzYBMCFfKNAMqSL4j8v0hsm0oZoiym25hv_7gKhTcCbJeJXW-NKPMSTnX89rgnah4QJo8gjytWRoQeuLz9KA1OyB2F28N_-wwvh1dA7IAB9shbc982acPoAIzM6G0mEYNW','ar','user',NULL,'2021-03-01 10:30:53','2021-03-01 10:30:57'),(32,NULL,'امن يسري','+966011565878','$2y$10$9voTmHQ0uwzEF/qLwzVfL.NNvpPilm/TUoVzRAVNKF.dn5UX03G/.','amenyousri@gmail.com',NULL,31.2144518,29.9645689,'2021-03-01 11:57:40',NULL,'fjZHvIpjQOiq2mD858FVs4:APA91bEUwcgOs0FsmG7jiJtLOs0IKvILLLNdEf_XaG7MuAM2Fu7B-hSmXT_SuhT-qYLoRJd6zMKiDZmX3DlKCCsQOaIdnd4kRyw6TPkkoKEGkA_HTsjpwd7u58ZlQIk_-KlO-JLsQJ7X','ar','user',NULL,'2021-03-01 11:57:40','2021-03-04 20:14:10'),(33,NULL,'hazem ‎gamal ‎ahmed ‎ahmed','+966896555845','$2y$10$gF9gTiptCa2hskDabUqocePjgxwRvUgDOuxJh/79p6VAw0CrLkOdG','hazemgamal55@yahoo.com',NULL,31.2292633,29.9568459,'2021-03-01 11:58:59',NULL,'dmubhIwpRd6wfg652dERmF:APA91bHZLluHIcGnwDnj-qGz6DqqeW9m1t1qBxCJqBP7SD7J-mr-zgvDoo2-_pZytm3mKcxmRekW0XNX4zLEDg0kpthUFi-yIFmLcE3YzSrVmKqoulhVDgAnVNXoSYebhvD5TqkHmNex','ar','user',NULL,'2021-03-01 11:58:59','2021-03-01 12:04:15'),(35,NULL,'adggguui','+966054444444','$2y$10$VdYyNUTGnD2GASWn1bpITuxbZ5OpMzvzAkfgVixMF/W1HERRx66ia','asdfyi@gmail.com',NULL,26.4715908,43.6457782,'2021-03-01 14:07:59',NULL,'dzulhBkMSDSEw6Ci_pgXGk:APA91bGCW9rvjjhOPJ2a3oUuCdRvDboio3gkVPUW0GhJBouu3Yb_0dvthC1Cod0oZN-0d6bjFZ_lp03FSzVrSpfOlW0uYE_p2zkZpeKaPW47VutFjUj5Ic9IARiHnuWtCnk6Ae-6m0NR','ar','shop',NULL,'2021-03-01 14:07:59','2021-03-01 14:09:49'),(36,NULL,'متجر الود للعطور','+966545555899','$2y$10$TjsKEJPFs0OSW3nSc69qzeApsl8PITLanPMiLru/8t8WL4ye3jUvG','allllkii@gmail.com',NULL,26.473102906799337,43.648687714452315,'2021-03-01 15:57:15',NULL,NULL,'ar','shop',NULL,'2021-03-01 15:57:15','2021-03-01 16:16:40'),(37,NULL,'محمد احمد الخضر','+966596000030','$2y$10$CaUfLwcwAM6L6G4vVSX35eOZlCPUt.f59gse1V.CqS62WvAYqxNOy','momom@gmail.com',NULL,24.66273038700482,46.87465688182945,'2021-03-01 16:16:40',NULL,NULL,'ar','shop',NULL,'2021-03-01 16:16:39','2021-03-05 12:07:44'),(39,NULL,'SALEH ‎','+966542562025','$2y$10$GQyW23yxeIMOqfvv1dxsGuvsIZoKFHaO4VHGPFSscRNRFcqNDU.Ei','salh-27@hotmail.com',NULL,26.313153,44.041568,'2021-03-02 22:27:22',NULL,'cz8edxOjRZSykrXCuibgrG:APA91bHqsfq5tEEhzr1QcbP6g6UXIkSmbOgPAgXbovjhr_t5a1aVCXOqt9glz2sX8HsWWx9V5sFqk-GShNBgVJnsjZgJ3gnSrphq87bXj2AOoUFm_N_9ynme_vV-ntHczE2Fa8-ERNrQ','ar','user',NULL,'2021-03-02 22:27:22','2021-03-05 07:19:37'),(40,NULL,'نايف بن حمعه','+966055667223','$2y$10$22fdVSENR4/D84On4lJ.r.RIh2v..xvN8WHXG6LLEgRtEHDcMJR2S','5sppppppp1234@gmail.com',NULL,25.3648564,49.5672275,'2021-03-03 05:23:19',NULL,'d2BLXdPcRsCCutLUp4wi7m:APA91bG9UGDdiDEvDKLE7PJlhZtRzUVW9kU6JS4FqEU_F5tXd_S1uE8_sJMUaZlcS27mWCJa2qH4A2rposEOVd7flYs5-MsaqJDtEDFXJPL6tZAI7hcRPsV0X4-dt_aFPhNKxwln3P4t','ar','user',NULL,'2021-03-03 05:23:19','2021-03-03 05:23:31'),(41,NULL,'زيد زيد','+966555117164','$2y$10$9H0dVIiuPRY1hgkmNj/Pbev33.7.D4/WCOZcd8XMOcnaA5JpBskoK','zat9966@outlook.com',NULL,NULL,NULL,'2021-03-03 05:50:18',NULL,'fowrUa4lbUYoihMSCkv50o:APA91bEu9rJMVD9JuZjLFqLVi0mUCqnmNgSQ_3LR42qDRvEe9axf3lUog_zLbvPyGnnlfnqkn0xbpb6aw6vg9Yl4f424lqlW14AVm9RBpXZ-YXprbii3b7HOl5KoLpoRXvOUKaoJmkPv','ar','user',NULL,'2021-03-03 05:50:18','2021-03-03 05:50:18'),(42,NULL,'ابراهيم','+966059133255','$2y$10$PEvYp8j7BmJi3UArNWWnEua5EQwr5Uec9oQasNHrgfqKC2yMq5tZa','abokarshah66@gmail.com',NULL,24.799120793303572,46.7904995976509,'2021-03-03 09:57:40',NULL,'cbaQOnNI6U9mijMagjc5A_:APA91bECWlNiZ4zH71-QdVf-__Gn5EU6AGuBwOCTfTYZQ5WrpipgsSTQR8ur2YVl3A-enqCeFqpoSikGf-aGJtTCNslMnx6jDmGH2bbdGnkJavkbfe_7ocEkJeL8uGF6W0X6H7CjXjga','ar','user',NULL,'2021-03-03 09:57:40','2021-03-03 11:49:03'),(43,NULL,'عبدالله','+966504859335','$2y$10$RNGz67PGDLye7sL0gO8DVuM9UCMldbZeAmdnqNKtQ3CLC1SVrUOge','Abdulaziz0003@hotmail.com',NULL,24.867810041408077,46.63132468365067,'2021-03-03 14:46:13',NULL,'caDVwM68Uk0Gq-hlJWF9is:APA91bGF9dGjMAnPkeQE2-rUoig4cHVienWvBCQdQ408XEPfZiwilicP-_v-epr_em0eBext8sf87rY0QtAc0CEtMrv1uYxRDOMZ-H2txLawBd5p2yib-V6m4qZTnUDPh6hnGf38vnJn','ar','user',NULL,'2021-03-03 14:46:13','2021-03-03 14:49:01'),(44,NULL,'خالد المصعبي','+966550163383','$2y$10$KQFCW.Ii791DeTyUWUftuet2zoqJcV0swiSGTcarc5B2tVltWTJ9y','zaemko19@gmail.com',NULL,24.707907887480832,46.841437016808364,'2021-03-03 16:53:34',NULL,'dFwIG6s96ECXroEnDJDg1p:APA91bH5ktxZz24gP845vdLgcwTWkqaJUsctI8EesZq1crc2DNEYbIEZxjuJiekF883mghAGEhG_lPWH5ZI_IP51eqWJQil4wKs7HaJTsqIrXGUiZmbCrqB5Vex5V9YeiIGCc8HT74uU','ar','shop',NULL,'2021-03-03 16:53:34','2021-03-03 16:56:48'),(45,NULL,'عبدالله','+966559203181','$2y$10$MRooXE4qO6/XxNoF0YKfxern70.piI7z7BwW3WT2qhKjMuej2Jepy','gon_almhtrf@hotmail.com',NULL,24.7095164102112,46.834320644793266,'2021-03-03 17:41:22',NULL,'fd6vkR5dYEnfmuBkmHE9QP:APA91bGq4q2hBQOc47PbJntdOU9tCXy2NVImEwqzb63PNJX9AA1QQkI_nUv3ovixqDeidSfXnGAk9yQinGeh-RgSPMLAynnMxdUcjsoivQ5oNG-jjywD8rV_QJfNYhDGDs7A-pDqdqqw','ar','shop',NULL,'2021-03-03 17:41:22','2021-03-05 23:20:56'),(46,NULL,'عادل.  منن','+966593333333','$2y$10$gKzGw3oa9bc1CkpgevqdNOBSL1V.nIzX6r/XWjeFpkJfEGUAKDxlm','fhgf@gmail.com',NULL,24.662805274151882,46.874552210836555,'2021-03-03 18:05:22',NULL,NULL,'ar','user',NULL,'2021-03-03 18:05:22','2021-03-04 10:24:51'),(47,NULL,'رررراشد','+966566666666','$2y$10$YTPYw9C/6cGP6BtcqW./leoDOqZOzE1DDfkVpy.L0a.JBsIgOym7.','aaa@gmail.com',NULL,24.6627706988013,46.87459604819014,'2021-03-04 10:24:51',NULL,NULL,'ar','shop',NULL,'2021-03-04 10:24:51','2021-03-04 11:01:25'),(48,NULL,'سلطااااان','+966533133399','$2y$10$WEQzVD2rtfwjABLuksy1bOXcuD6/wKx22W3WZrlLnfjcL6HrDQoT6','ihh@gmail.com',NULL,24.74398890364891,46.85759154315457,'2021-03-04 11:01:24',NULL,NULL,'ar','shop',NULL,'2021-03-04 11:01:24','2021-03-04 11:05:20'),(49,NULL,'زهره اااا','+966555033698','$2y$10$kexFOQJIpBkldzXbwdsUwOfI0SMLOdQMxWzJ7ujCGNRerhvLmVPXi','akkkk@gmail.com',NULL,24.662832657157903,46.87460424534848,'2021-03-04 11:05:19',NULL,NULL,'ar','shop',NULL,'2021-03-04 11:05:19','2021-03-04 12:12:58'),(50,NULL,'سامي تتت','+966583548848','$2y$10$m10JFoZuBU0ZAt/ctL43ke/uFCEh/M6BAJrJoBaX7MJlka06qPPs6','hhhh@gmail.com',NULL,24.66273158336986,46.874655718792944,'2021-03-04 12:12:58',NULL,NULL,'ar','shop',NULL,'2021-03-04 12:12:58','2021-03-04 12:24:45'),(51,NULL,'تتتتىننن','+966558000558','$2y$10$ros6h2lWuU2rWpT3VD8fV.HaFKTplvkyA71bEVOhWE1i8NcjdlsJK','akn@gmail.com',NULL,24.66280911873442,46.874606058485156,'2021-03-04 12:24:45',NULL,NULL,'ar','shop',NULL,'2021-03-04 12:24:45','2021-03-04 13:03:34'),(52,NULL,'خماششش','+966580000280','$2y$10$HsruIbUaC6eCYUdN9Nafw.kqlWJ1FVBC.JbBr0XkImGpdvNmiCY1W','jjjj@gmail.com',NULL,24.66263847427877,46.87464835126593,'2021-03-04 13:03:34',NULL,NULL,'ar','shop',NULL,'2021-03-04 13:03:34','2021-03-06 21:01:54'),(53,NULL,'فوال قمم السعادة','+966٥٨٣٢٢٦٠١٥','$2y$10$rK3sdn8bAhVsfAtftmPp4O4Kjm99Ym2ByuVSQjrMMMas0SJzb2tIO','Faisal@gmail.con',NULL,24.690930947930543,46.851549686133644,'2021-03-04 17:59:10',NULL,'f8kAEoRlHE6ppW5AOVtsgb:APA91bGVydyKIaw3POyRQrNKb_e6i_vV7eaxDd98Ux03D5SkXBQmEigFQAjYNU1OFhFPvUjKUT7gdnPwXIoY-SX71aUCbKYWag4UhTKMhZZzHr8Lv0RRkwkQGBQvj5TUMsC94NNBDdF_','ar','user',NULL,'2021-03-04 17:59:10','2021-03-08 18:39:58'),(54,NULL,'qosy2008','+966056975938','$2y$10$DY8.kdVU2wsrf0q8nsXC0ONDaci/lmQ3XpmbUc/Vuy8Jpxm/qwbJC','shskqsy@gmail.com',NULL,24.711739345977634,46.83780441066406,'2021-03-05 01:18:52',NULL,'cNSA_MsEFU_2mWA0rKCado:APA91bG8Jx94v8MvUc-P75iB9-OAToCvzU6zqRWi7pdbTGDbpTcag1ybGwVph1HkOrQx420YlxRzuuaq490LYA--rxTzReTNdxs9nBczy6iOu4luZHTkKty0WJ6cWFYfUlt4h7aXESKU','ar','user',NULL,'2021-03-05 01:18:52','2021-03-05 01:18:56'),(55,NULL,'اااااذذداتنن','+966556980082','$2y$10$urtIbHcfCe3p154L5GRqi.3cnyBfGokEVtCwMyitHpKWtkoVAXSvm','asioo@gmail.com',NULL,24.86298792393427,46.86108980212372,'2021-03-05 12:07:43',NULL,'cSCxrJF910-Cr57oEkYTMO:APA91bFielq4uZCC5sKhbyyM_Vi_WQLKC8J0Nac1fNt84TjtH5alYfAG1wIpL6wYUVM-uvoBJlbjEEyXE9tFa9BZQtuaJKPiJT6WtatX8nryWRM8H9FSF-5HQTabJFQOVxZ9ZIZJQZtG','ar','shop',NULL,'2021-03-05 12:07:43','2021-04-16 19:22:02'),(56,NULL,'عالم الشواحن  للاتصالات','+966055055685','$2y$10$ZGBoGHr.jOf64WSCpgsRzuHnb9rdem2poXmEDgHVvrOpmcmvbj1Aq','almalsh111@gmail.com',NULL,24.819619561698612,46.790831220518115,'2021-03-06 12:57:17',NULL,'fF6W59gIRUsAneygYpQu3O:APA91bFm7xBGTI_0f4RNyH0v97vhyvqkz8PAnvnXoph-HlX884qwXeOtG4X1kA5SrErm3V49Lxjs_jgMw4s4BVUjuBYeqf6KPrAz9CgdBFxguAHsh16UHog_VWvUqPZThrE-6uB8NcO1','ar','shop',NULL,'2021-03-06 12:57:17','2021-03-16 01:02:15'),(57,NULL,'Majed ‎','+966050005986','$2y$10$C4GZKvmlZ57KiCIa1JiX5.YxZ3Xsze4HWjAuJFn1q9hKhvDuhkifm','mjo-d@hotmail.com',NULL,26.4238231,50.0081798,'2021-03-06 18:51:39',NULL,'fBswOQaPRgifD55osaJN8K:APA91bG4g96pIhjwKwIgI32qSoo4gnLJSX_tDh0TVpJ9-wZ0tJ9Ea67Z7jn4qxOXuGx69-WOWOlD07VOPXY_xi94f2K4G_-BsMp1XS0OZ3Je7GDVFFxzuYaX7gGYyFONXMp_caZDbpvt','ar','user',NULL,'2021-03-06 18:51:39','2021-03-06 18:54:39'),(58,NULL,'سللطااااان','+966583348888','$2y$10$uA7qBXud7UgxIxP8KG.F6OyeirZYLx6NjpkYELMq9KUafZWV5f6mK','akih@gmail.com',NULL,24.662683794000277,46.87465629682468,'2021-03-06 21:01:54',NULL,'egeEYUjwjE7YujvVbZvSQE:APA91bGseS1sinm7S8TY9Z8d9p98N8Rr4QGRCDr0dPpGsBl4m3LQfrlGUzk5Sh54eM1a0CdGVuDAvPCNnttvx78UKZ5tTeyH6UYUBj2i5izM9O8N47kweYdIoGFQHIVgFZAjeyal1DJi','ar','shop',NULL,'2021-03-06 21:01:54','2021-04-16 01:49:14'),(60,NULL,'عبدالله','+966055166466','$2y$10$RGxvrjrBuhfHspMTVddZtOrldXRcr/qgfQUceadsRmdQGbtYE57/a','abood4669@gmail.com',NULL,24.5651295,46.6390693,'2021-03-07 13:40:09',NULL,'fptlYCoUQlCHU6Hq106uyC:APA91bF1m-enXS0pnQbg9xki_QCW91xXYh8KIrEY8hIIFMQ31DlDUuiuc7v76MZdiSlFrd3LpGoervNwXifnRdCgG_ruTRD495MW0jDuQtycOlivSGr716jj46mV0bYfuIzJlqR8etZ_','ar','shop',NULL,'2021-03-07 13:40:09','2021-03-25 15:49:54'),(61,NULL,'Aamen ‎Yousri','+966011565878','$2y$10$cXJ7RpnPaBYuaUKN00Rwgu8Qrls7SMMM9g98VMnZQZcwzO4GwVZNy','amenyousri@hotmail.com',NULL,NULL,NULL,'2021-03-10 11:41:12',NULL,'fqqXB90HTB-rq2Gx5Aak1-:APA91bFZvmHjC2Mitz4wCqu0AnvgaerHQmDFYO5N3AET6pbqlfSrlevK_sUOGvL_DyABulkvNCNciWRNkw5QY3X05nKUtWxqlLI9LiABZnA2etbiC6acBcHBQVmK78vG0ymfegZHnYRZ','ar','user',NULL,'2021-03-10 11:41:12','2021-03-10 11:41:13'),(62,NULL,'ابو سلمان','+966053700052','$2y$10$lAPm8wDb6OewcUIfCOjJO.ru4iJeUfzAFwhX6tF6jcFBGfnhR/6Ai','Moteb.144@gmail.com',NULL,24.743147199065184,46.787742180793344,'2021-03-11 00:36:44',NULL,'fp7BkhlVQEplntldx7pOxv:APA91bFU6lv86LR9ZsbDKZ_OAP_o3AssqXZuTtUeZb4p33SqKmdKb8BFkUyK40hy8-e7ApGPKx4Wfk9xmFLVhJxVPi84ZTDZS04sUVNjBwSMfuZHJcZ4iseOxTXcqZ9ijyq9sSoUm3Yh','ar','user',NULL,'2021-03-11 00:36:44','2021-03-11 00:39:14'),(64,NULL,'uuuhvv','+966555500668','$2y$10$fCtoox/QaP7Cvitvr2.DhuAjfAag65gUs8lhQ6KI1g4JBsxq1UUdy','akkjj@gmail.com',NULL,24.6628682,46.8746347,'2021-03-11 16:24:35',NULL,'ctEj510pT6WOqSjt_9Saye:APA91bHUmD18TPFwD8-7DjY722hcQDFeIi5z_SSOm8qwFEbg-Y4VXYzRHvtphIAMjpsskvfJ67ZKCuOF2We0Y6sruD2_6rXecit9sBVFPW0cFXhZw4tUXj72ELYPg4eXyiCMH9UNkfJo','ar','shop',NULL,'2021-03-11 16:24:35','2021-03-11 16:27:21'),(65,NULL,'mohi ‎hashabal','+966053028693','$2y$10$q7TJwbnNVq/9xo7GGYCX5.C5z1u0JyX5kzAf8lPbSPUqNu/EoUsI6','alqarnimohi332@gmail.com',NULL,19.18548355346213,41.748449374029185,'2021-03-13 16:00:50',NULL,'ctdZB7uU1ktQuqqinpjejN:APA91bE_-flDAb94QXBqIm-wKnYrgNEabCrIqkQcf-PbYgc7CS8E-ZU8gaAJIZnRoxM9CT3tYikziDIJABwUhcxpAC492EEXOJXKl389AVwGMbfSjanc2KltKOAojpqkc1p_iJiXo2xU','ar','user',NULL,'2021-03-13 16:00:50','2021-03-13 16:07:31'),(66,NULL,'حليمة محمد','+966555874117','$2y$10$mguvQW.aXW1aEbG0HPjlnuWWw2z20QT.Apn/dKOJWlyMZa8ZIbRT.','hal_om_2008@hotmail.com',NULL,21.49655620475843,39.2702143373372,'2021-03-13 16:18:51',NULL,'eeyMTDzL7kOwrgzn6IlTiK:APA91bFtkY9vHZg61VF6i7rbNtwoMsqDKf2t7Pt0A5ABTaZI7GCxgBaH-leOpWBFkASpirF4JaX1X7gJCn-rTdTNJkwpoc3jVmkk80KiTsElBa57nkoqT5bMuDQTLAYFq7Nr5Z1GT2Y7','ar','user',NULL,'2021-03-13 16:18:51','2021-03-13 16:18:55'),(67,NULL,'عبدالرحمن علي الشهري','+966056472330','$2y$10$JV0b/BKrGJscB9HvVKu6N.rx5c0Jw/pwbwtg3kkSkljxJ/WFCY9jq','asd7095@gmail.com',NULL,21.33696592414876,40.444972319566126,'2021-03-13 16:32:15',NULL,'fxu7pdh7IUY3tJYaMTN2X9:APA91bEU7ZIVZB995PJNhALYIV8JJJLA3CEUZE_603apJX2rcw54PjK8YkMzYhNivYegOBKjUkSN2NEZvTXUsSTEU05h35j6A4AQk1yAnjlNBAlrZYOw2Mc6ohRtX40DQ2HElmw1XeVI','ar','user',NULL,'2021-03-13 16:32:15','2021-03-13 16:32:50'),(68,NULL,'عبدالله الشهري','+966554451017','$2y$10$kS6k3XW5vKwqgTNqqdUa2uGV2WNxahV/nEzlo0EaZbQnZttFu620m','dsbwnj@gmail.com',NULL,26.189269902398216,50.14367503005621,'2021-03-13 16:35:04',NULL,'e5_13b8KD0_RnSb0gRgux8:APA91bHJ-_YL-s70SQF5rZUbcSd5EplEvpmKcxBPTKU5gLasjgdX7zuGnr48MvDgTHyGLaIHnxNSJ9Tf4uMlHVrvoN7r7SGDoPI4NgI8U6mppUNeA2DSYY-Shc2RZH1cVlYxGCfq0oWR','ar','user',NULL,'2021-03-13 16:35:04','2021-03-21 02:57:08'),(69,NULL,'عبدالرحمن محمد الشهري','+966533838431','$2y$10$ZdNBFC6DRorHE1PtpRHiZ.w25Pbb.CYJmpX5sWe.uY2ubDjyLmnxm','Engoylife12345@Gomail.com',NULL,21.394402794486208,39.27400727932357,'2021-03-13 16:38:37',NULL,'fCOZ1qPId0__vbZXwHnHjC:APA91bE9IDrQNT4x0SqSwVyw6qjINf1HjOWUzCjusw6MU_iHkqCoBtbxj7oxBYopgN5Ln_DqXV_aTgyVmfNDkwI-yHLXTouTUWdeVuEOiABJ6Gb2ZX9EKENSlhB4mu_zulcRnHi6MAsS','ar','user',NULL,'2021-03-13 16:38:37','2021-03-13 16:38:37'),(70,NULL,'حامد احمد القرني','+966503736502','$2y$10$JPppBJaPXwTlb/PGWSFotu5WAxkinOUKuMF6rth3OoU5Qi2uI/.nm','ha142140@gamil.com',NULL,19.1635553,41.8959198,'2021-03-13 16:43:33',NULL,'fbXcQtS0Rky0DCMK5FUbos:APA91bFwueXM07XYUG3NiVU_UrKzgT9M1FdngcbzKJDObibV84r7naugvPGtZ_V0z61Ebxq2dfIkjQNJ2wFNw2QxOk_NUmJd7hTOr4T063XojqUcKyXAdwkZodPRk04wghfxzUuHVbDB','ar','user',NULL,'2021-03-13 16:43:33','2021-04-08 10:33:06'),(71,NULL,'سالم الشهري','+966050080760','$2y$10$RvHoXwIlPQ1ZwGlFLD3RN.B1TPFRBTzglMFteLCPihwZH12/rpw7u','balk.18@hotmail.com',NULL,26.21455,50.2004648,'2021-03-13 17:13:15',NULL,'ceB3kKh1SPyUl4MwgHuMkE:APA91bEtfdOldbqlue-QvKYzGEqeDfqrwvQDYZsTBHmxrPMx00D-TfOLDw5iflcRgEB4tp6k2y6NPtCLTKWmgIArJQR29W3XncQUFDm3Qq3_U_PdZagoJsKpdGbHPKV77103ldWyBgrF','ar','user',NULL,'2021-03-13 17:13:15','2021-03-19 02:27:39'),(72,NULL,'نايف العسيري','+966505258944','$2y$10$eAtgRzpsmJMNJgukQY2eyOzhNG0TtuK921prms2ivO7X3G6sEy1eq','naaif5046@gmail.com',NULL,18.211749395618163,42.54009566225279,'2021-03-13 17:17:31',NULL,'eTtvtyb_jUw-t542eN14Hh:APA91bHsr146g6fnznHpEPdXLA7BY_ky0O1I-DKkxYe67j1M5cRbWS-Gu1puGdpK6w13BRHRPG1iE0dWnh-9w8B0HvdOZrdNiAB1r7BkrtKVeaJVGy3AGZAmqCYOx3U4LVFYhI_Onubc','ar','user',NULL,'2021-03-13 17:17:31','2021-03-13 17:17:35'),(73,NULL,'ahmed ‎saad','+966054411105','$2y$10$N95HYjvjlHeXTJ8FXEo8pOz64kvWGtISdWiZJNKQxa2NakhAY.IlS','a.ahmed14@hotmail.com',NULL,19.742186828366233,41.91109479516965,'2021-03-13 17:41:46',NULL,'fPVZgepnmUeaoQ4dJ8Tm3z:APA91bEBc0h_6tGw1N8jnPUOyqVfVPqK3oCPV7T2VpSfcBhWpKWqaDlG1P3caREIt8t9HczGPF_w5mmeBDzFehJi-PIBeWkqiIQ8RzzYdb2VQhUKxaMj6YDVuxt_6O3vM8HG4W-lXkpO','ar','user',NULL,'2021-03-13 17:41:46','2021-03-23 08:01:28'),(74,NULL,'ali_0693','+966558343989','$2y$10$G8P6SnWz.obFDP53mz2FhOZ.pAKP6DOXuuIen0Unv3ElQsSyXbizm','mk_7070@hotmail.com',NULL,24.67722291366958,46.876788756311875,'2021-03-13 17:41:50',NULL,'ezkQ26MsY0h9ul65Rv-eUI:APA91bFG83KM9uRUD13B1s2VfHeVAL_TCMXpawYPk9-9a6tgJ2_-0KRCAeuiMGDG898RaU6XvhRI4rJ2Cb-3LPP_pGZ_SIDSzK-NAPbGayTTuc4RwwTJ5SV4-VKhiZ7dMWTiiI5LfY3Z','ar','user',NULL,'2021-03-13 17:41:50','2021-03-13 17:42:20'),(75,NULL,'احمدابراهيم','+966٥٤١٩٥٥٥٥٣','$2y$10$U.En5RV2zCkKUxWKs13nheYjSPodLJASCO0snQyvHA7MPRict6ZDW','krah1290@gmail.com',NULL,18.277158729999993,42.598880759999986,'2021-03-13 17:50:18',NULL,'ehTuC3s0oEKvic8iBw7luv:APA91bGYEP15EKVWWHdnDwf2FPGGxkKei6hbHMWdYyVaBR1oQf1ZgS4vlCZCofMzcIBS4W7YUHY5uX97uKsUMFH71CwPdOjWzQR3WGY2hnn8iYtljnOm0FPkUSZj1je-KmbgEZ52s2C1','ar','user',NULL,'2021-03-13 17:50:18','2021-03-13 17:50:19'),(76,NULL,'محمدمحمد','+966503478563','$2y$10$/yVvVsBGzaFBv351o1SKku3FsTEi0y9COpUBlZpahflsEU2kzQdXq','shdak18@gmail.com',NULL,18.937497,41.9164462,'2021-03-13 17:58:33',NULL,'dTK_ivcOSqCeXeZXIgFiMN:APA91bF2SIU0pBwHTaluZCcADRIRTZsaW8MuOA1Bz949SLZIvQxcQxOq23yZrEdpNlyCGEvHSGmkKddZdAdmBv-ZDrKxXzoit39-ExQqsPP9gm4trU-1XO9Lcnuk831SF2a9DkkfSk1q','ar','user',NULL,'2021-03-13 17:58:33','2021-03-13 18:01:04'),(77,NULL,'فلتر سناب','+966050941239','$2y$10$fD7elBI6HrIlSNpoDbhKXuBCGqiIL5G0/OTmcJVpI3N0s13VchM0a','07m7alahmadi@gmail.com',NULL,21.298855625883405,39.687105094320586,'2021-03-13 18:53:27',NULL,'clJaQG4-jUzYrdDrKn1Z-n:APA91bF95FNZ8yZcy68sVIi2-zCmgxMjCcq2uNwbpBovcDgUziGlawKbNA5_oR6pClD_0-0meBSPdwjesmDwUCvRpgZ2_n2g83T3tRYkMN-naASTOITYRls-j1q0hIn1QdD7fbz9NBhg','ar','shop',NULL,'2021-03-13 18:53:27','2021-03-13 22:01:48'),(78,NULL,'مزاج القهوه العربيه','+966538544254','$2y$10$CmCt5a7Ji/v7RgesB9xVgOCSGHAz9Bhpcy00lE0paCRwGBxCSCdqq','sharefah418@gmail.com',NULL,18.3224215,42.7268263,'2021-03-13 19:19:17',NULL,'cnyPUmEoRFKegAwzJ78HG-:APA91bHnjkpU-KGsDmvBwLL82vpHQtiMUg9nIL0F5K4ZT1q9AyWU44GJPB9gyFM_WI3Qr5qWoxvdTLZY2oepJVn066R5hp3PPbcjON2z5pbWkEoz-qwcLAyZGi_sRjz80SVk45U9y-la','ar','user',NULL,'2021-03-13 19:19:17','2021-03-13 19:53:12'),(82,NULL,'مراد الغامدي','+966٥٠٥٨٩١٩١٧','$2y$10$WgL4R.Q5Mw2ENAZGyAgj/.qq23rwRoe85PI3bWPRBlNU9nvLnNFoW','moradalghmdy02@hmail.com',NULL,19.950587312710248,41.71696850305812,'2021-03-13 19:54:56',NULL,'fP7fnEHARUxnnIIu4Az-JQ:APA91bE_rkqnLb6vlJ7_ue56HQzwdOwJJ8hySoikhs3Fl8jESjZ9yXxPFOoRA_YPhn5nTvUHt2eEGfjxeb4zixASOUKZIryHU95W_rcS--YEur1K-3yejHFIsruGZz0rFWzbb5p4nNY5','ar','user',NULL,'2021-03-13 19:54:56','2021-03-13 19:55:02'),(83,NULL,'ص القرني','+966055060679','$2y$10$kBmZTQEMGarnW0ZYjeqXbOzvw37ADz/owdWb1IlsQgnsNdj5LibWC','skkasgsios@gmail.com',NULL,19.12416401467255,41.906719471569396,'2021-03-13 20:17:43',NULL,'f6H3W1Z6lU0Vp66DOY7cEG:APA91bE9D5Bak9PRqkCPh8gjuVz8nMdF0jBdzRiYCkys8pKVQkS1CO5GYMfNNByMtIawwRdXRimwkJrOJkk7CUjVf3tO69UmkH3CNZaF083rSPowB2WKl5GcNl8d0h8SVXTmKGiX5dkt','ar','user',NULL,'2021-03-13 20:17:43','2021-03-13 20:18:13'),(84,NULL,'ماجد الزيداني','+966562277959','$2y$10$gIPR4AATfpGjM5.0ivoRI.zgPNQxKpbOhtcK2t7PiS1ud0bt6jhoG','walaam141459@gmail.com',NULL,NULL,NULL,'2021-03-13 22:05:58',NULL,NULL,'ar','user',NULL,'2021-03-13 22:05:58','2021-03-13 22:05:58'),(85,NULL,'محمد العتيبي','+966050009447','$2y$10$Kg4.9Kecu8fE3aZeaS3yDeZEKqFlcewiH/6Nm0JrfqatRBdkj7.YG','mohammadzubanalotib11@gmail.com',NULL,21.624535778557533,39.6999255661291,'2021-03-13 22:37:52',NULL,'cpr5WdyjXUgBrAzU509kk6:APA91bEMSGF9lUCs2taoO9N0xzczv-ZqGDuPTWQ7KhT0CGKitEwW2ZkHhAPqedm2MLQ8KEMpxt6fnVEXxYIVpwYcOoLdXgJaRf3v9-QzgRSZIpnC4uEBjLs9pRTgl0liixKOijpbBa3Z','ar','user',NULL,'2021-03-13 22:37:52','2021-03-13 22:41:10'),(86,NULL,'ميم ‏الشهري‏','+966534020144','$2y$10$CC79X9SNBJ1Lm9AT8uPOIOLwl9nXy5W4NQ5aIO/xI8U0SmAxv8KDe','tata235@gmail.com',NULL,18.7969984,42.0233504,'2021-03-13 22:49:30',NULL,'cc1qUcvPTFaDVdqheLXN9Z:APA91bHolYyPuuCfnwE9FrxMowoR4KcsvkCN0RR1Oiv_w-apn1K8UPEnGsPBbmt0kulXN4B8O8ysDswshrddmcPqSsL453bHcLqhS1jEFTmXMouFmjysc6VkWzLIchU4eNkpLm6745kF','ar','user',NULL,'2021-03-13 22:49:30','2021-03-13 22:49:30'),(87,NULL,'Nosaessa','+966050460952','$2y$10$Qv/wXm4BttvkGonhRSKEmO78zoJM0zigo/1k3dE3Tij6Wo.sfhYVO','zeeadessa4@gmail.com',NULL,16.93709131089764,42.62764303156668,'2021-03-13 22:52:47',NULL,'eaIk7UTcjkDav0hJOfo_ex:APA91bEJqnAOwrpTj-zRpOm7_YipingNAFDRSfZ7-eQyd7RV8bLuD0QKLaBuLrhASdWCHgpIAvLt70q9ei4g-aX6Lk6syRV9lWabDGOOKSoTaXaSxBiluVEy3uXrvpOcURIS6EI0OtLZ','ar','user',NULL,'2021-03-13 22:52:47','2021-03-13 22:52:48'),(88,NULL,'محمد الشهري','+966540089504','$2y$10$LdI1l6PSxO9WejGCBbtipOg1F4tIKlvNpeFRHAJaWYaQzPsjlPQii','ksa6am100@hotmail.com',NULL,21.3379059,40.4529679,'2021-03-13 23:12:40',NULL,'di-RwSSdQuih_jUnfsoYBv:APA91bFvmCXKVyr9qzJc8jtq2t30UBOfpQURjU9Fj-LVCHO2XWmyiKdPCg9eG_z0cTly5L-umkC_T_77p1jN0B6bK0ivqgRqxJV_alJVukkbIcRHSXlabDPNoQQUkzx1XvKQ__3PgV2H','ar','user',NULL,'2021-03-13 23:12:40','2021-03-13 23:12:42'),(89,NULL,'ابوفرح','+966053266802','$2y$10$OnXaBYR50GEjWFAoLZaZ3u2SDzn7GjDZekqQ5RY5.WhiGcc1Cch5O','A0543577323@gmail.comq',NULL,24.5944449,46.9184535,'2021-03-14 00:06:55',NULL,'cepfpV-_QOy6b5zP65WGOg:APA91bHaPW69gTfT_KUdmzxzRQ5V6R7vBXv0CDINu000Gu8dhqbG7m45mI-MDFilN5ov8Y1tJ1zbWJtb-porb_ZokLnoi27eIXaMibDhz6VAN7Ibox1h6F_n7bI76U0sz2SuNeOqc5I1','ar','user',NULL,'2021-03-14 00:06:55','2021-04-05 18:50:37'),(90,NULL,'علي ال احمد','+966٠٥٦٩١٦١٥٧','$2y$10$lTmlQNzVV9eSiKZQGw3QUebNhQldN7Fb7aIC1vRmGzUtb1wUVY1w6','alialshardi848@gmail.com',NULL,21.449682916167575,39.30079870077049,'2021-03-14 00:23:02',NULL,'fP1KcK-iEkSPj9ydzQsgZw:APA91bFSiYs_KdzchxNO89y8aPBvuOuPpnIfNKhdySCshkCFUk2337O8vchrUpClS2Bw4ovobvA1JIhSMoy4XJd21hxDGBtHmqNtnN6CZCEy8Xzb9YfGBIufVLCJRIUO4k5qj6Urpx0-','ar','user',NULL,'2021-03-14 00:23:02','2021-03-14 00:24:45'),(91,NULL,'العلياني','+966056960887','$2y$10$wGjqM5hSTuoE6HDeB02XkuPj3iuc9XxS46Fde3nOWfVLOfMFr1f6m','zozo0709@hotmail.com',NULL,19.440760104464882,41.83337761699486,'2021-03-14 00:27:24',NULL,'drtYu3SObUCkgpeg4RB4uA:APA91bGv7qn7K8Tzpczf3NR99lR0npqjTzkqbhaR6DQWe2ppVHC6Oyyqx4YPHXPxXtNpSvRZu0SKW-codLWEbqiGxAU6AZJB_F0HkcwRBJ3EmIm2_crYymu6D6vXdT4lzfWm03bZ56PB','ar','user',NULL,'2021-03-14 00:27:24','2021-04-01 17:01:09'),(92,NULL,'عبدالعزيز','+966553522215','$2y$10$Zpu3IFYBDerIdYCETBtlbOmGB8ruNBcYxhrmaywtcOkXcxQVk09CC','azoozahmad10@gmail.com',NULL,19.5910495,41.9851053,'2021-03-14 00:45:10',NULL,'ftgdQQtxSMOmTvpq0HOu3G:APA91bELtHcge3ZQsXFlrWhGaYldBxtI8TS9ZfL79DFVKEBdkmqwQ8bQ8qxa_-gx37jr54zvY9J_42DVQeV-SJBQprhsye3XsV5I35KoXsSuwXbqKx-Q7s9GI13y829wKFHwdDRoIOaC','ar','user',NULL,'2021-03-14 00:45:10','2021-03-14 00:45:37'),(93,NULL,'Yazeed ‎ahmed','+966538280432','$2y$10$A71d4ZdTAkznfg28b5ZZF.lo3SIAn9oW5zW30wyomQ04PG8nRNI3C','ykm2288@gmail.com',NULL,18.2354545,42.4872491,'2021-03-14 01:21:18',NULL,'cK5eEEpBSFi1q7gPRp9m65:APA91bFDyOWdCVFT2_6pzJtHn7YqNDlCPkNhpT8paujbIJEeCC-j7DI2tinLJEfZrSou_CboidfJDysYUGazubIG7B4VUf7BWXPNtTEx9Rr2_1AAZyG-PXlN4ok1tsGIMoHukh0Ytv_R','ar','user',NULL,'2021-03-14 01:21:18','2021-03-14 01:21:21'),(94,NULL,'ابو طلال','+966547718027','$2y$10$C2ZEZjALmxefXCTvT9GsRe6BWPyjHOcbVCAAJjf9GxToEHYqVt5dq','asb234@gmail.com',NULL,26.364154040429156,50.03813486123788,'2021-03-14 02:40:35',NULL,'eXxlJEwAfE9lv6Pnd1VZsY:APA91bG7mlujNxzYtEQbLOO_ejwBxOX3DQhjxP9i7tPmoqMWzhX9Mbx-PKGHACEOuAUq3TqjhmL83HmnP8P0TpJzwvvMGjDWOAWXMJuHaIZjMVQsEYWT0sz-bi9kJI-do6WJp9hA5AxR','ar','user',NULL,'2021-03-14 02:40:35','2021-03-14 02:42:47'),(95,NULL,'عوض القرني','+966535497624','$2y$10$rMYmspY93cVkV9eUH6ndYuu18qVYLIHkVH5lZusAM1RtuztkeZVAC','awad90906@hotmail.com',NULL,24.506884,46.3446271,'2021-03-14 03:22:52',NULL,'dcjwYkqBR5Sg7e1CIrFTZr:APA91bHoV5HJlEivBUT8xLq8KZGemy1CTYvObV5KbxraNw7CHXJQyHwL57wPZRH8EUEnlAGm5vZ6EAo60aJ2B7Q7sHj71rjD_olSXEVufMaQaIj3q9x7ymDDADAESbiGb_gJ9YZUAY9c','ar','user',NULL,'2021-03-14 03:22:52','2021-03-26 20:30:22'),(96,NULL,'موسى المالكي','+966050873551','$2y$10$rYcevIKmucgNcPTP9zKpK.nmDp.RK0y031HGUJCEaFW98So8ctnyy','almlki-1406@gmail.com',NULL,21.553307393264827,39.96188549113482,'2021-03-14 04:01:01',NULL,'dA7ufc4SsEMhhLYn4BD58q:APA91bHT0B7QjzjHEdyv31QUzwv-wpdG6DjskLUzUFchI5PEIxhKmMl2q0O_rRwhvZ2bcywGIgfXc6fm64RdPxR9xIYjEnDypzmll0h3g-tw7x4n7KyTrJ8Yrisv0CJwVDeQrzDGiLyQ','ar','shop',NULL,'2021-03-14 04:01:01','2021-03-14 07:45:38'),(97,NULL,'علي الشهري','+966050882695','$2y$10$71Jc.dzTifjCGfCFdZFfXuEVnrjZQ9zVSftm8zpeGKGVKzK1rt38K','ali123ali123ss@icloud.com',NULL,24.84478381940398,46.8307499804438,'2021-03-14 05:16:59',NULL,'dbYGz-GjT0-ZtVj6TVm4lw:APA91bG6JB3Z1ooTX0B0sZKd7sy1Hm1N-qgPTyg6_leo-DMscqgsAM6pPRg_E916Y5n_hLXsORs85JyzuYdI-Znn8ZenS6CDzIlWVT34G5wJVXAt2CkvMBZvnVsCwZBQvjf01xNUQl9M','ar','user',NULL,'2021-03-14 05:16:59','2021-03-27 18:42:12'),(98,NULL,'عبدالرحمن','+966٠٥٥٩٤٨٨٥٢','$2y$10$lJfrmS2UCWIn4TK2Di0vYOBuBeSS2j5W5JoWgM4QFDmJ5LUmCaGVe','S7113566@asrb.moe.gov.sa',NULL,19.113241294842734,42.031383734609825,'2021-03-14 07:15:57',NULL,'dIu7WrS8fEuymwNYYv_lDa:APA91bHKqCuNIgxwd0KXmc5IfuY9bdw7v7DcQBt44cj83Wl7A1VweDUIVTPWW_Aeppvu6zcrpJc7tZxyBzlCqXj_cHoHgBTVJUAxNUWQ-umHA3PyhhFqlvPJ8vuOoma2PO_G02X1r9Cx','ar','user',NULL,'2021-03-14 07:15:57','2021-03-14 07:16:04'),(99,NULL,'عبدالعزيز سالم عوض التميمي','+966٥٣٨٠٦٤١٧٤','$2y$10$Yt4Qoos.V70dNqGeO4jWc.mfE5.FBnsqjpze5/3YCRrQ36MdjfDbu','abdull2030aziz@gmail.com',NULL,26.435796811646572,50.0998494140557,'2021-03-14 08:55:02',NULL,'dFgraXLmTk3UtTA5AQg88B:APA91bFZmI9bjSQ-1948qq3hlUhpA4TQxQoUvvuY1iDS-wEii5wsv_lugEp90CdCFCgy_FxXkcDykCC1_o70IggJG-VQ1G1TPqIWK0xiZkreKn2GYrIcGJqN9tcguglXGpX8VXymwNe-','ar','user',NULL,'2021-03-14 08:55:02','2021-03-14 08:55:02'),(100,NULL,'احمد الغامدي','+966055399033','$2y$10$.oqNHI1Oc39vg8MH9r8jfOidfEjxrg2i6i0f6PgCUaEBK1LiC/Yr2','alzzaeeem324@gmail.com',NULL,19.5829441,41.662126,'2021-03-14 10:20:50',NULL,'doNccXJ0RLK9Ponu0VjaJn:APA91bFdk1KVRb5ZPxHaU0LhBduK_UIXjWLo2M8iUTnKS83fEE_k8UIrhbdELE6PH8New-m7MScbK4lbgc8CJKNegZJMjO_bxrD5EorV9kIZzoc1g0bZvPSkVwjTROLoNdLOHmzbxGHB','ar','user',NULL,'2021-03-14 10:20:50','2021-03-14 10:20:57'),(101,NULL,'توب ون','+966050160015','$2y$10$s731vFYvz.RwDcL5aCLAEuFDre1Ia0cztE/MaoQ51i6wvw.qx4vBa','sage161616@gmail.com',NULL,19.426029045152873,41.793891023883404,'2021-03-14 11:11:26',NULL,'dvhtCRWTQ0WokNTHik24FM:APA91bE0WiDYJu44_Oqaft8gNAh1JGOKCAAtPwyWE_m0wmMrLF-oJPJDc_kcwbrRcjfJjz3_fz00AwEHBMbwQ1-ffwW1n6cT0V0_ssg3hKiJtgRUE5uMVhAHWyRJyRw1VBMonFlnwWUN','ar','shop',NULL,'2021-03-14 11:11:24','2021-03-16 09:40:09'),(102,NULL,'نواف القحطاني','+966502066505','$2y$10$kkwjm5KoKX3hVbEJA4hB5Oey5T1P09p67niUIok5BFuB5w9dmzWwu','nawafggg67@gmail.com',NULL,25.311791319325803,49.59087453692449,'2021-03-14 11:57:27',NULL,'cgfU531qtURFiT0iPZOWpT:APA91bErpcPPjDGydjah8PYWkVtCZqy5XE6Tqs7MWO2rvp8XH81iBpi8TXBcEeBZsMoP7-ZO-3tFk7U5onnOTDh4hoxj8ALeAWCODLpcA3w7svQdVRDhtbkfXUB0G_wTta2gCk4upfef','ar','user',NULL,'2021-03-14 11:57:27','2021-03-14 11:58:34'),(103,NULL,'Shahd ‎Alshehri','+966500715942','$2y$10$7iNZrQvx0hseyp4s5oMIY.xVH/efnJaamlG.MV4Yt2IHCMXfamlhS','Shahd00852@gmail.com',NULL,19.15615558484467,41.7617369760787,'2021-03-14 12:02:29',NULL,'c8Iost4DaksJgYNfvijgyi:APA91bF6eiqf2FgvTPn3OpSMmopycQbC0wVTDlU4PX2uRiJfgghDTfWamstHtfVYFYQlR3QkfN9azhM7Hn1dt8mnzg8XRm4XUwM5d3ctxutCYQQ2HCLkjEd6LSswy3dGvs5K9sZ7_JyN','ar','user',NULL,'2021-03-14 12:02:29','2021-03-20 00:26:50'),(104,NULL,'علووش عسيري','+966053841169','$2y$10$eipw50JYZulEI7v01kgZJOZtG6TjedroHC4hLqES7eLq14T/ucAUK','aloosh22@gamli.com',NULL,17.7209864,42.2947881,'2021-03-14 12:46:41',NULL,'e1ntVHdmTFqBSP7RU_IfPh:APA91bEIfBlX184gLQ4ICqtJNriMO-8iSVi0xp90Dd0Wxy17dYfHVc-qFvdKrUW3nQGKPz3_mG0CNjB6N4C7M_iY7D1XI24BUzjTcrFsFBga2TNAo-h-3vW974zgYKjh_KTWRveXwJ_A','ar','user',NULL,'2021-03-14 12:46:41','2021-03-14 12:49:14'),(105,NULL,'فارس الاحمري','+966053778053','$2y$10$r9y0R7EMRMZHrBvJ8wl16Ovl5hAJT7KzW9UZPaHwEeRWQPYzdrqqS','a0537780532@gmail.com',NULL,18.224805829999994,42.60476683999999,'2021-03-14 12:56:07',NULL,'dE5bUav2NE0wsa94pDkZOP:APA91bE6m16xH0q4MoGkVxKT7w0R5OvBweScJ301tEVfFxYmn_LbOWDgq-02BNyD7LAdf2wbr1UNc1GA4hA1X3gjTNbWCJhcSq7Pj4rCAUlNXSemWmeMh9CxcJ0kjD9u6-uClEpExvhe','ar','user',NULL,'2021-03-14 12:56:07','2021-03-14 12:57:27'),(106,NULL,'محمد ‏العماري','+966055511851','$2y$10$eUktde8iMZ46bav6xGmBaetnWml9ra/xu9DYakX7EfkDeUU3fxYq2','mmm310773@gmail.com',NULL,19.162772471510156,41.89574083141988,'2021-03-14 12:56:36',NULL,'ffeo_QtenUBpsE53LdYVzI:APA91bGTIDlNIty5kWZhkQMq2lmCIrFIrhOAFt-TUwYhBL-l944Xq5EzpESuv8rXXruyG_pgn0m68zfSroY7QzR6f2IphgJMWaQqQX07vkB-ahEOZAsCbYMOaNq7EvsYwc7fR3BgeGhl','ar','user',NULL,'2021-03-14 12:56:36','2021-03-14 13:00:12'),(107,NULL,'KHALED ‎','+966556655442','$2y$10$1fzp0ZP60HstBimxWpXEY.Tp4FI0SNonYn2.A9OmeN4Or1J9uzF9W','kalid74869@gmail.com',NULL,NULL,NULL,'2021-03-14 13:21:02',NULL,'f7E6nUTPDkwbkJPsxCHJ-g:APA91bHbKQ1fRu4QGJSFXpvHm_Xls1QqvG2t9Z750CDzUVxASsiquyVESRGF4A9MeZ_yGC2xaZCZ65M262zX2A_ywgkFXcoYXMVB0hwvvztBsLJ0IGhXBZgjmIFmG7zzgBu5h7V-VUAD','ar','user',NULL,'2021-03-14 13:21:02','2021-03-14 13:21:03'),(108,NULL,'احمد الشهري','+966056625797','$2y$10$SqANSH14nozzQPaoq45lOuokNnmbdCkYEPuGJ8fULzwJwtucGAth2','ahmed123456815@gmail.com',NULL,24.8022802,46.7395327,'2021-03-14 13:46:34',NULL,'ezMM_GfZQHCPaETK5HFy6P:APA91bFLFlQYLraaECgZ0QHZNPDh1QacijIvSziod8d0mXJ3Jf4RcSdvoRNZiCj1d3DpnwBCn_7yyl_P_2Q0lyNeDlW7J9IRFmLFBgrcIvOg1We_-w2jiAOVD_RcaSTZB5iXemJpw77w','ar','user',NULL,'2021-03-14 13:46:34','2021-03-30 10:07:38'),(109,NULL,'خالد المنتشري','+966055563677','$2y$10$OnY4iVxQUqlxKz7EdiB4uehXI0UDbnPTjT/n46VoP/uZHKQGw6zqu','Klode1234mk@gmail.com',NULL,20.016310453089414,41.471225280646536,'2021-03-14 13:53:37',NULL,'e1qunqWLIktzvhSoACt_48:APA91bFFnMWaKw0v-BELr0D9z6028pRO8XE7BHvGSL3TGUOrm--sGW9wpKXMCaRYbqDl_XjxnK23Dd7DnHSI_JmMVTFznCsnJ9h4O6FGZwHqStfjsaYB7eNZop1rB7KHaHweipmL0Mjr','ar','user',NULL,'2021-03-14 13:53:37','2021-03-14 13:53:37'),(110,NULL,'محمد الربعي','+966050476749','$2y$10$/KCakvbzyC5vB.EtLDl8mOXl9YIYIg371vaXjP5wxfNtExliUAo.y','Mohameed.alrabae@gmail.com',NULL,19.048703573738734,41.50545247739497,'2021-03-14 15:40:43',NULL,'dHfDKbBRXkGUjkcPrIYsVB:APA91bFsZBA1k93orfkWEE5JRncbmOvUMGB9cBkBCdqstVTHHzXqyu_VV-Bje58TOuOFqwxfyKvifeJ4xhbQxsKb1aHAhDYaEyLvZFrwxRCJ4MYrqWsyMRQKhyKlWXST0rf07uQv5Xis','ar','user',NULL,'2021-03-14 15:40:43','2021-03-14 15:41:37'),(111,NULL,'روائع غصون','+966055215485','$2y$10$tASwO/Vs6DGUDrYyrxz/mesOHBLpyQRL2ICOc1M3iY6S3LaocN.xy','mooody201415@gmail.com',NULL,18.32477864429933,42.77318609404853,'2021-03-15 13:49:55',NULL,'dFMUGECtl0Xbhufte_k5si:APA91bGA3B6kTdw2xi7jfqJxGj2tst7anB7R6oZrOXDvP_6kCwELbOFk9yKFhf-2gO33-Nfgb-5qgSm10EdW_C5Pt33aTB3UUHYy137ufhYukd0KZKb70sw_UiLD9u7XSHez9tVE8Fqk','ar','user',NULL,'2021-03-15 13:49:55','2021-03-19 23:32:37'),(112,NULL,'منتجات البيت الجنوبي','+966050873551','$2y$10$6FjZ/gHKHCsn3w64w/Q5buWferspolrNyT8W8sfnQAtzbGetSJx3y','almlki1406@gmail.com',NULL,21.553030734872515,39.962001554878626,'2021-03-24 21:36:25',NULL,'cBoploq4GUcxtgRx_Ijd8C:APA91bFgglo8N7HDCvITN0But8Bdl8lvQw9u2bS8ilTwuWK8w9ripTbObmPei-tXH0Jo2QAjE5QoVNtStD5YLiGvTUnBY9h5wXjwRpXe0IMBYPvyBJu81TD7-aegGeZaNGiEGv58CHGg','ar','user',NULL,'2021-03-24 21:36:25','2021-03-24 21:36:37'),(113,NULL,'Ali7beeb','+966542242211','$2y$10$pweF1shS00CkEPCTTpwfkO2zkDInBVn/I7Um22oFq6X5RQps4yPEi','ali7beeb@gmail.com',NULL,26.424934,49.9781945,'2021-03-25 05:16:40',NULL,'dEaLw3zSSXK1QlUVVpQRFV:APA91bFSCP24xrbOIr6VMAPDP0_7kwY5TaHTErTeaQQ-9gc5_uz55Ct-uMshR9_ZOMGudHWcu8T0n3xkKosGQxmJ5k6rEIMQqUGYCVX9ueT28M0Wkz2G6MrXSwP8l0qmGgXgWYEg511B','ar','user',NULL,'2021-03-25 05:16:40','2021-03-25 05:17:35'),(114,NULL,'khalid ‎Alsayari','+966050445720','$2y$10$9tLy2SNIBoQk9RYxK9vqZ.nRWBZnO5IIdo2FOjSV.pbgLNVaTLWd.','msczkaa@gail.com',NULL,24.7794583078187,46.69879647817411,'2021-03-26 01:22:58',NULL,'dHI7mkNkY010rLfhvpun8z:APA91bH_5UKJ9ndY2pKPjJ8-0NCTLrZv1Lm2ivox_14C1EMiCD_sRRepuBLPawlp_6BfHVOac-_tUyFtfqg5iSY36S6DnYmNVp3nWhF8k2V453aOPu94JBp8N6P9Ai59ncOCp6GKgrNR','ar','user',NULL,'2021-03-26 01:22:58','2021-03-26 01:23:08'),(115,NULL,'حسام ناصر','+966055498910','$2y$10$p.CQ4AIUr006sQID6HLnx.jt5i1w7PGc3BFD8BeA9cPrhGNa9vJxa','hh.059@hotnail.com',NULL,24.582415530480986,46.787250163077175,'2021-03-28 19:51:23',NULL,'crzi0kozB0WyrwBRNqID7_:APA91bGiasgdo4GT4NhU9enXScYT0CAr-A9vXq3CAqg_IsUXFPU7OemtPk2Lyir_7VNJwydptwWbrA6dSqdrju3Mn0WG3e8WyKh1odF05mEJYJpPhjM9A33Y0b6t2q5jmU6vVtcHYAlM','ar','user',NULL,'2021-03-28 19:51:23','2021-03-28 19:51:24'),(116,NULL,'جابر الجابر','+966055153823','$2y$10$0g8IyhyS2FUCt671buv5Cu.RIi5HZX9PjPcmuaA/FdG6rbTccmoPu','jaab.2020@hotmail.com',NULL,24.6832533,46.6993361,'2021-03-29 10:30:30',NULL,'cYUTGVFmT-uKB_YOIkZK5l:APA91bHSzm306maiJQbJHgmLcgz5PwMrATlxBv4Si0s-bOf822CY0ku9eqE-wBq-IGOiGynNTiOVIVTKUEyBTLES7ugEvaXJeFhX7eZUXQzQkvALA0aLwHg9tmPFIYKwEXVem647UwC-','ar','user',NULL,'2021-03-29 10:30:30','2021-03-30 13:36:23'),(117,NULL,'عبدالرحمن بن أحمد','+966550505918','$2y$10$rm4R1203cTaNVgRyBlZNleYJ4oCjB19FqWGxzZkD76BVBvo68JOpa','dahoom11159@gmail.com',NULL,24.73027884843327,46.59077085727753,'2021-03-30 05:33:06',NULL,'fjKtON_W_0EQszBZRRX2uN:APA91bE8e4jMuNdJs0nT8-XYLXVclPc7t8icr8zFxPIsLufHgKaUzcUeCHCeMetl3ImTwlQOFi7jrRLHfI4Ai2ea-nYjXLowvjIj_tgJOymMEQueKMVU8V_OiJx0yGllbcJyo88euacB','ar','user',NULL,'2021-03-30 05:33:06','2021-03-30 05:33:07'),(118,NULL,'عماد سالم','+966053695125','$2y$10$7ImQgUnWgmevFpM0GkXyGeDqCJYf5Qhr2obRJ2GupQUwtVIFCN9Bu','aa2000d35@gmail.com',NULL,16.8895277,42.5762337,'2021-04-03 00:24:05',NULL,'eNtfIpuoQ5Sa9NOwGgNF0w:APA91bHyaQiJ9SdtXrLupVGaZk7VxMpv7it9aTsnfV43erDzTD3cP18b53XIdTepWsCnsCCBPB4VH7gNpHBty2XhL09g6tUdOYp7JZkwlgGfg8xy3bZCnO-JODey-qJG68b4haTNVMuY','ar','user',NULL,'2021-04-03 00:24:05','2021-04-03 00:24:06'),(119,NULL,'sadsad','+966112312321','$2y$10$tJCbjid.pbpWmtn95iNCy.TPp/cqL4Aid3N8dblXUxO9v0Dk/AV3e','adhamashraf51@gmasi.com',NULL,37.785834,-122.406417,'2021-04-04 12:42:42',NULL,'e-lnEx7J601gofyrONWbYa:APA91bHdpXY8Fat66r0DJqqv1WF_vbwmKWPjYaxmAdZokhGBTpQ4vPVupi3E7e1afxvUrVGbutRVpUTfMBHBi2nJzHxYilMqv5lxDtaPBB0pQB-ezDKa3BBYZHU0e783nkVSnHLH2If_','ar','user',NULL,'2021-04-04 12:42:42','2021-04-04 12:44:41'),(120,NULL,'adham11','+966123456778','$2y$10$.m3HStqMgY0r/kVRy9kzPO5Oq5TngES7CylRiIdkr.5bXdZL6dSDu','adhamashraf11@gmail.com',NULL,31.22944,29.956681,'2021-04-04 13:10:07',NULL,'ey4p5x4olE6NldfDu6ZZLA:APA91bHbkNRoCo62Zcx1bhbey_pJWuAwmP2GCihtyhTI9AZg6O2xHJIS7xjVNG4-qRhmNyR-BoqheVv1BKUOe6XYcAyxiDPzbut6vXVd2EZ9X1994lXjGIWSZWb6f-G-ErxNU_pE-Iwo','ar','user',NULL,'2021-04-04 13:10:07','2021-04-06 12:41:35'),(121,NULL,'mostafa	‎','+966213123123','$2y$10$AQZB.gTlqEG8.ABp3HPSo.8qryKik9yjC3erHj9uSmXYV07kA3vaO','mostafassda@gmail.com',NULL,37.785834,-122.406417,'2021-04-04 13:50:12',NULL,'fLiRIfZ0WkKajLEpVWlHs9:APA91bGG4wCaMqMzsXLftgQE49uQQHlf3w2Jq86MzbrslrXOES74f5SSZmL7vob2kD30xrpPtoEjj7B_S9bby603FZOS9sqrvOpQOx1Uh-goGLXKjxvGiZHwQ7dcufVRYg6fTGj-yTTn','ar','user',NULL,'2021-04-04 13:50:12','2021-04-04 13:50:13'),(122,NULL,'adham11','+966123456789','$2y$10$TU02Ssyru5sQmr/7fFQp7u1/MeSiRILYYUf4HSLiR2QWCxJdVKiNy','adham11@gmail.com',NULL,NULL,NULL,'2021-04-05 12:48:46',NULL,NULL,'ar','user',NULL,'2021-04-05 12:48:46','2021-04-05 14:20:57'),(123,NULL,'hassan','+966505927721','$2y$10$0pfCjm3goAEk1pamqiPd9.83WYRBf6lRsh9yBZoKNYZZPuzbwsN/6','ali_hassan_alkhalifa@hotmail.com',NULL,NULL,NULL,'2021-04-08 04:05:48',NULL,'eVyoyCJzSsibLTMRPxkH0a:APA91bE96e0QVuXHj8VOaktlOX0g_SkpmS2SorYFCoDgaNk2hmS97ZVg3Oy-moKSMxDBx1Vt9pnFDZ_lz2QriBK7YissMTdwBgSGdaz9Q64SGhHkjb2008wHdf--rrQ3lOCdVYNhyOr_','ar','user',NULL,'2021-04-08 04:05:48','2021-04-08 04:05:48'),(124,NULL,'WALEED','+966056436222','$2y$10$.v0KR4bUB54sxyzJ2gCCuOsiwm4m1bN3Oq0EkV7bfxuzDM1j.95Be','wsk20010@hotmail.com',NULL,25.39528848237338,49.57477907848696,'2021-04-08 19:33:31',NULL,'dA1R2Zu8MEl4mvayeB0wBz:APA91bGavxandz1OPmv9e1n-TS4JytPmPlrZqWnbOYJZHCiu8P8S4Hv4hOnQkU4zGYyDNdCRe2M3Kwn9iJdzY3EKPqe1jB82NPue5LVspkrIqvw6fBWnGNka3rMW-xztsbMn6WpdKy86','ar','user',NULL,'2021-04-08 19:33:31','2021-04-08 19:33:32'),(125,NULL,'حسن علي الشهري','+966053330335','$2y$10$gqKxTBmDQ8j1FP8J5AR7Cu9SVZ0o8IrLUlp5k9ibXROBkJn6dmyF.','hshs05333@gmail.com',NULL,18.30213521037035,42.75326157845803,'2021-04-09 15:18:00',NULL,'dgypFAoAW0rSorERfkXe5p:APA91bH6guYO19CZIee_HZz94eaLlqbRzmQw5Cmd6xW_eAFOBQPUUXpYbWbGGDCvJzo-ZjMBn-YquDXC_ozidTHmkLae5uzrh96LxBJjcAJoSTUejqMV69FjnAzO0BcvjbM9-ecgP4sM','ar','user',NULL,'2021-04-09 15:18:00','2021-04-09 15:18:04'),(126,NULL,'محمد صالح','+966055236313','$2y$10$E/lT5Ionuzz7D3a/QIgj3.AzGyetzCZ1OrIjdcjB.bsr69DhbMzDO','abolmar11990@gmail.com',NULL,28.376828506379766,36.583556582996145,'2021-04-13 17:24:00',NULL,'dmP_OthnhEiOig85Gliidr:APA91bEfY_dXhAbOorczLd8l7bcbFuUUI53oDmxTO2tolz5w8aL8UkCDy0RUmCkYCJO1J90nj2wwedL4qVXjN2j2x0O_U1mCwFRwYwAc_FqkA1bDQ8MfNNqPKoO6RVGRj2R0qYdIbbow','ar','user',NULL,'2021-04-13 17:24:00','2021-04-15 09:05:09'),(127,NULL,'ابو فايز','+966055589869','$2y$10$ltpw1.w5ggm23QL8j67Mru6LfkY2IMS.EoAEfkZzr2SeKWDGnven6','al3bsi@gmail.com',NULL,27.428383250623494,41.582793480372516,'2021-04-16 18:39:39',NULL,'dGkiXphRiEu5jQb9MZ-9aL:APA91bFskAggjMgGqt82csrj1DMrY4PP3OwZNPP5x4qUgY5zMlt3PffAOL82itPBuoMNs3vNBYCQz-A6UASmM0Hawo8k69Wp2GJfU9AVf4kGKhk2GNljmbuOQMjyq5Zo-9UkjwkzKliU','ar','user',NULL,'2021-04-16 18:39:39','2021-04-16 19:28:41');
/*!40000 ALTER TABLE `users` ENABLE KEYS */;
UNLOCK TABLES;
/*!40103 SET TIME_ZONE=@OLD_TIME_ZONE */;

/*!40101 SET SQL_MODE=@OLD_SQL_MODE */;
/*!40014 SET FOREIGN_KEY_CHECKS=@OLD_FOREIGN_KEY_CHECKS */;
/*!40014 SET UNIQUE_CHECKS=@OLD_UNIQUE_CHECKS */;
/*!40101 SET CHARACTER_SET_CLIENT=@OLD_CHARACTER_SET_CLIENT */;
/*!40101 SET CHARACTER_SET_RESULTS=@OLD_CHARACTER_SET_RESULTS */;
/*!40101 SET COLLATION_CONNECTION=@OLD_COLLATION_CONNECTION */;
/*!40111 SET SQL_NOTES=@OLD_SQL_NOTES */;

-- Dump completed on 2021-05-30  7:24:42
